------------------ --------------------------------------------------------------------- ------ ------ ------ ------- --------- --------- ------ ------ ------ ------------- ---------- ------ --------- ------ --------- --------- -------- --------- --------- --------- ------ ------ ------ ------ ------ ------ ------ ------ ------ ------ ------ ------ ------ ------ ------ ------ ------ ------ ------ ------ ------ ------ ------ ------ ------ ------ ------ ------ ------ ------ ------ ------ ------ ------ ------ ------ ------ ------ ------ ------ ------ ------ ------
Kernel Name        _mxfp4_w4a8_grouped_gemm_contig_dot_scaled_kernel                                                                                                                                                                                                                                                                                                                                                                                                                                                                                                                   
------------------ --------------------------------------------------------------------- ------ ------ ------ ------- --------- --------- ------ ------ ------ ------------- ---------- ------ --------- ------ --------- --------- -------- --------- --------- --------- ------ ------ ------ ------ ------ ------ ------ ------ ------ ------ ------ ------ ------ ------ ------ ------ ------ ------ ------ ------ ------ ------ ------ ------ ------ ------ ------ ------ ------ ------ ------ ------ ------ ------ ------ ------ ------ ------ ------ ------ ------ ------ ------
Address            Source                                                                Warp S Warp S # Samp Instru  Thread    Predic    Avg. T Avg. P Diverg Addres        Access     Access L1 Tag    L1 Con L1 Wav    L1 Wav    L1 Wav   L2 The    L2 The    L2 The    L2 Exp L2 Exp L2 Exp L2 Exp L2 Exp L2 Exp L2 Exp stall_ stall_ stall_ stall_ stall_ stall_ stall_ stall_ stall_ stall_ stall_ stall_ stall_ stall_ stall_ stall_ stall_ stall_ stall_ stall_ stall_ stall_ stall_ stall_ stall_ stall_ stall_ stall_ stall_ stall_ stall_ stall_ stall_ stall_ stall_ stall_
                                                                                         tall S tall S les    ctions   Instr    ated-O    hreads redica ent Br s Spac         Opera      Size   Reque    flicts efront    efront    efront   oretic    oretic    oretic    licit  licit  licit  licit  licit  licit  licit  barrie branch dispat drain  imc    lg     long_s math   membar mio    misc   no_ins not_se select short_ sleep  tex    wait   barrie branch dispat drain  imc (N lg (No long_s math ( membar mio (N misc ( no_ins not_se select short_ sleepi tex (N wait (
                                                                                         amplin amplin         Execu  uction    n Thre     Execu ted-On anches e             tion              sts Gl     Share s Shar    s Shar    s Shar   al Sec    al Sec    al Sec    Evict  Hit Po Hit Po Hit Po Hit Po Miss P Miss P r      _resol ch                          b                                  t      lected ed     sb                          r (Not _resol ch (No (Not I ot Iss t Issu b (Not Not Is  (Not  ot Iss Not Is t (Not lected ed (No sb (No ng (No ot Iss Not Is
                                                                                         g (All g (Not        ted     s Exec    ad Ins    ted     Threa                                        obal      d N-Wa ed Exc    ed        ed Ide   tors G    tors G    tors G    Polici licy E licy E licy E licy E olicy  olicy         ving                                                                                                                    Issue ving ( t Issu ssued) ued)   ed)     Issue sued)  Issued ued)   sued)   Issue  (Not  t Issu t Issu t Issu ued)   sued) 
                                                                                          Sampl -issue                uted      tructi           ds Exe                                                  y      essive              al       lobal     lobal     lobal     es     vict F vict L vict N vict N Evict  Evict                                                                                                                                d)     Not Is ed)                         d)            )                    d)     Issued ed)    ed)    ed)                 
                                                                                         es)    d Samp                          ons Ex           cuted                                                                                       Excess              Ideal            irst   ast    ormal  ormal  First  Normal                                                                                                                                      sued)                                                                        )                                        
                                                                                                les)                            ecuted                                                                                                       ive                                                       Demote                                                                                                                                                                                                                                                                          
0x7f1ae3b9cb00           LDC R1, c[0x0][0x28]                                            88     52     88     86016   2752512   2752512   32     32     0      -             -          -      0         0      0         0         0        0         0         0         -      0      0      0      0      0      0      0      0      6      0      0      0      0      0      0      0      0      69     13     0      0      0      0      0      0      0      0      0      0      0      0      0      0      0      0      52     0      0      0      0      0      0     
0x7f1ae3b9cb10           S2R R9, SR_CTAID.X                                              10     0      10     86016   2752512   2752512   32     32     0      -             -          -      0         0      0         0         0        0         0         0         -      0      0      0      0      0      0      0      0      1      0      0      0      0      0      0      0      0      0      1      8      0      0      0      0      0      0      0      0      0      0      0      0      0      0      0      0      0      0      0      0      0      0     
0x7f1ae3b9cb20           LDC.64 R106, c[0x0][0x240]                                      38     22     38     86016   2752512   2752512   32     32     0      -             -          -      0         0      0         0         0        0         0         0         -      0      0      0      0      0      0      0      0      2      0      0      0      0      0      0      0      0      0      3      3      0      0      0      30     0      0      0      0      0      0      0      0      0      0      0      0      0      0      0      0      0      22    
0x7f1ae3b9cb30           ULDC.64 UR12, c[0x0][0x208]                                     32     29     32     86016   2752512   2752512   32     32     0      -             -          -      0         0      0         0         0        0         0         0         -      0      0      0      0      0      0      0      0      0      0      29     0      0      0      0      0      0      0      0      3      0      0      0      0      0      0      0      0      29     0      0      0      0      0      0      0      0      0      0      0      0      0     
0x7f1ae3b9cb40           IMAD.WIDE.U32 R106, R9, 0x4, R106                               171    115    171    86016   2752512   2752512   32     32     0      -             -          -      0         0      0         0         0        0         0         0         -      0      0      0      0      0      0      0      0      2      0      0      0      0      10     0      0      0      0      7      3      149    0      0      0      0      0      0      0      0      0      0      3      0      0      0      0      0      0      112    0      0      0     
0x7f1ae3b9cb50           LDG.E R106, desc[UR12][R106.64]                                 52     33     52     86016   2752512   2752512   32     32     0      Global        Load       32     86016     0      0         0         0        0         86016     86016            0      0      0      0      0      0      0      0      1      0      0      0      0      0      0      0      0      0      5      4      0      0      0      42     0      0      0      0      0      0      0      0      0      0      0      0      0      0      0      0      0      33    
0x7f1ae3b9cb60           S2UR UR8, SR_CTAID.Y                                            2      0      2      86016   2752512   2752512   32     32     0      -             -          -      0         0      0         0         0        0         0         0         -      0      0      0      0      0      0      0      0      0      0      0      0      0      0      0      0      0      0      0      2      0      0      0      0      0      0      0      0      0      0      0      0      0      0      0      0      0      0      0      0      0      0     
0x7f1ae3b9cb70           USHF.L.U32 UR8, UR8, 0x6, URZ                                   172    111    172    86016   2752512   2752512   32     32     0      -             -          -      0         0      0         0         0        0         0         0         -      0      0      0      0      0      0      0      0      0      0      0      0      0      0      0      0      0      0      11     5      152    0      0      4      0      0      0      0      0      0      0      0      0      0      0      0      0      0      108    0      0      3     
0x7f1ae3b9cb80           ISETP.GT.AND P0, PT, R106, UR8, PT                              1081   772    1081   86016   2752512   2752512   32     32     0      -             -          -      0         0      0         0         0        0         0         0         -      0      0      0      0      0      0      0      0      1      0      0      0      970    26     0      0      0      0      47     6      0      0      0      31     0      0      0      0      0      0      731    21     0      0      0      0      0      0      0      0      0      20    
0x7f1ae3b9cb90     @!P0  EXIT                                                            103    61     103    86016   2752512   1601536   32     18     0      -             -          -      0         0      0         0         0        0         0         0         -      0      0      0      0      0      0      0      0      1      0      0      0      0      0      0      0      0      0      17     6      0      0      0      79     0      0      0      0      0      0      0      0      0      0      0      0      0      0      0      0      0      61    
0x7f1ae3b9cba0           LDC.64 R2, c[0x0][0x238]                                        66     35     66     35968   1150976   1150976   32     32     0      -             -          -      0         0      0         0         0        0         0         0         -      0      0      0      0      0      0      0      21     0      18     0      0      0      0      0      0      0      0      6      3      0      0      0      18     0      12     0      10     0      0      0      0      0      0      0      0      0      0      0      0      0      13    
0x7f1ae3b9cbb0           S2R R11, SR_TID.X                                               4      0      4      35968   1150976   1150976   32     32     0      -             -          -      0         0      0         0         0        0         0         0         -      0      0      0      0      0      0      0      0      0      0      0      0      0      0      0      0      0      0      0      4      0      0      0      0      0      0      0      0      0      0      0      0      0      0      0      0      0      0      0      0      0      0     
0x7f1ae3b9cbc0           S2UR UR9, SR_CgaCtaId                                           19     6      19     35968   1150976   1150976   32     32     0      -             -          -      0         0      0         0         0        0         0         0         -      0      0      0      0      0      0      0      0      0      0      0      0      0      0      0      0      0      0      6      0      0      0      0      13     0      0      0      0      0      0      0      0      0      0      0      0      0      0      0      0      0      6     
0x7f1ae3b9cbd0           S2R R13, SR_CTAID.Z                                             1      0      1      35968   1150976   1150976   32     32     0      -             -          -      0         0      0         0         0        0         0         0         -      0      0      0      0      0      0      0      0      0      0      0      0      0      0      0      0      0      0      0      1      0      0      0      0      0      0      0      0      0      0      0      0      0      0      0      0      0      0      0      0      0      0     
0x7f1ae3b9cbe0           UMOV UR4, 0x400                                                 2      0      2      35968   1150976   1150976   32     32     0      -             -          -      0         0      0         0         0        0         0         0         -      0      0      0      0      0      0      0      0      1      0      0      0      0      0      0      0      0      0      0      1      0      0      0      0      0      0      0      0      0      0      0      0      0      0      0      0      0      0      0      0      0      0     
0x7f1ae3b9cbf0           ULDC.64 UR6, c[0x0][0x210]                                      4      0      4      35968   1150976   1150976   32     32     0      -             -          -      0         0      0         0         0        0         0         0         -      0      0      0      0      0      0      0      0      0      0      0      0      0      0      0      0      0      0      0      4      0      0      0      0      0      0      0      0      0      0      0      0      0      0      0      0      0      0      0      0      0      0     
0x7f1ae3b9cc00           LDC.64 R100, c[0x0][0x218]                                      16     6      16     35968   1150976   1150976   32     32     0      -             -          -      0         0      0         0         0        0         0         0         -      0      0      0      0      0      0      0      0      1      0      0      0      0      0      0      0      0      0      7      1      0      0      0      7      0      0      0      0      0      0      0      0      0      0      0      0      0      0      0      0      0      6     
0x7f1ae3b9cc10           IMAD.WIDE.U32 R2, R9, 0x4, R2                                   38     20     38     35968   1150976   1150976   32     32     0      -             -          -      0         0      0         0         0        0         0         0         -      0      0      0      0      0      0      0      0      0      0      0      0      0      7      0      0      0      0      4      2      25     0      0      0      0      0      0      0      0      0      0      1      0      0      0      0      0      0      19     0      0      0     
0x7f1ae3b9cc20           LDG.E R107, desc[UR12][R2.64]                                   29     12     29     35968   1150976   1150976   32     32     0      Global        Load       32     35968     0      0         0         0        0         35968     35968            0      0      0      0      0      0      0      0      10     0      0      0      0      0      0      0      0      0      12     0      0      0      0      7      0      0      7      0      0      0      0      0      0      0      0      0      0      0      0      0      0      5     
0x7f1ae3b9cc30           IMAD.MOV.U32 R173, RZ, RZ, RZ                                   4      0      4      35968   1150976   1150976   32     32     0      -             -          -      0         0      0         0         0        0         0         0         -      0      0      0      0      0      0      0      0      0      0      0      0      0      0      0      0      0      0      0      4      0      0      0      0      0      0      0      0      0      0      0      0      0      0      0      0      0      0      0      0      0      0     
0x7f1ae3b9cc40           CS2R R180, SRZ                                                  2      0      2      35968   1150976   1150976   32     32     0      -             -          -      0         0      0         0         0        0         0         0         -      0      0      0      0      0      0      0      0      1      0      0      0      0      0      0      0      0      0      0      1      0      0      0      0      0      0      0      0      0      0      0      0      0      0      0      0      0      0      0      0      0      0     
0x7f1ae3b9cc50           ULEA UR9, UR9, UR4, 0x18                                        33     7      33     35968   1150976   1150976   32     32     0      -             -          -      0         0      0         0         0        0         0         0         -      0      0      0      0      0      0      0      0      2      0      0      0      0      0      0      0      0      0      8      5      18     0      0      0      0      0      0      0      0      0      0      0      0      0      0      0      0      0      7      0      0      0     
0x7f1ae3b9cc60           IMAD.SHL.U32 R0, R11, 0x10, RZ                                  38     7      38     35968   1150976   1150976   32     32     0      -             -          -      0         0      0         0         0        0         0         0         -      0      0      0      0      0      0      0      0      1      0      0      0      0      9      0      0      0      0      4      0      24     0      0      0      0      0      0      0      0      0      0      1      0      0      0      0      0      0      6      0      0      0     
0x7f1ae3b9cc70           LOP3.LUT R172, R11, 0x7f, RZ, 0xc0, !PT                         1      0      1      35968   1150976   1150976   32     32     0      -             -          -      0         0      0         0         0        0         0         0         -      0      0      0      0      0      0      0      0      0      0      0      0      0      0      0      0      0      0      0      1      0      0      0      0      0      0      0      0      0      0      0      0      0      0      0      0      0      0      0      0      0      0     
0x7f1ae3b9cc80           IMAD.SHL.U32 R4, R11, 0x4, RZ                                   1      0      1      35968   1150976   1150976   32     32     0      -             -          -      0         0      0         0         0        0         0         0         -      0      0      0      0      0      0      0      0      0      0      0      0      0      0      0      0      0      0      0      1      0      0      0      0      0      0      0      0      0      0      0      0      0      0      0      0      0      0      0      0      0      0     
0x7f1ae3b9cc90           SHF.R.S32.HI R6, RZ, 0x4, R11                                   2      0      2      35968   1150976   1150976   32     32     0      -             -          -      0         0      0         0         0        0         0         0         -      0      0      0      0      0      0      0      0      0      0      0      0      0      0      0      0      0      0      0      2      0      0      0      0      0      0      0      0      0      0      0      0      0      0      0      0      0      0      0      0      0      0     
0x7f1ae3b9cca0           IMAD.SHL.U32 R159, R11, 0x8, RZ                                 2      0      2      35968   1150976   1150976   32     32     0      -             -          -      0         0      0         0         0        0         0         0         -      0      0      0      0      0      0      0      0      0      0      0      0      0      0      0      0      0      0      0      2      0      0      0      0      0      0      0      0      0      0      0      0      0      0      0      0      0      0      0      0      0      0     
0x7f1ae3b9ccb0           LOP3.LUT R0, R0, 0x60, RZ, 0xc0, !PT                            0      0      0      35968   1150976   1150976   32     32     0      -             -          -      0         0      0         0         0        0         0         0         -      0      0      0      0      0      0      0      0      0      0      0      0      0      0      0      0      0      0      0      0      0      0      0      0      0      0      0      0      0      0      0      0      0      0      0      0      0      0      0      0      0      0     
0x7f1ae3b9ccc0           IMAD.SHL.U32 R154, R11, 0x2, RZ                                 3      0      3      35968   1150976   1150976   32     32     0      -             -          -      0         0      0         0         0        0         0         0         -      0      0      0      0      0      0      0      0      0      0      0      0      0      0      0      0      0      0      0      3      0      0      0      0      0      0      0      0      0      0      0      0      0      0      0      0      0      0      0      0      0      0     
0x7f1ae3b9ccd0           LOP3.LUT R5, R4, 0x184, RZ, 0xc0, !PT                           3      0      3      35968   1150976   1150976   32     32     0      -             -          -      0         0      0         0         0        0         0         0         -      0      0      0      0      0      0      0      0      0      0      0      0      0      0      0      0      0      0      0      3      0      0      0      0      0      0      0      0      0      0      0      0      0      0      0      0      0      0      0      0      0      0     
0x7f1ae3b9cce0           IMAD.SHL.U32 R4, R11, 0x40, RZ                                  2      0      2      35968   1150976   1150976   32     32     0      -             -          -      0         0      0         0         0        0         0         0         -      0      0      0      0      0      0      0      0      0      0      0      0      0      0      0      0      0      0      0      2      0      0      0      0      0      0      0      0      0      0      0      0      0      0      0      0      0      0      0      0      0      0     
0x7f1ae3b9ccf0           LOP3.LUT R3, R159, 0x60, RZ, 0xc0, !PT                          15     4      15     35968   1150976   1150976   32     32     0      -             -          -      0         0      0         0         0        0         0         0         -      0      0      0      0      0      0      0      0      2      0      0      0      7      0      0      0      0      0      6      0      0      0      0      0      0      0      0      0      0      0      4      0      0      0      0      0      0      0      0      0      0      0     
0x7f1ae3b9cd00           IMAD.SHL.U32 R158, R13, 0x80, RZ                                2      0      2      35968   1150976   1150976   32     32     0      -             -          -      0         0      0         0         0        0         0         0         -      0      0      0      0      0      0      0      0      0      0      0      0      0      0      0      0      0      0      0      2      0      0      0      0      0      0      0      0      0      0      0      0      0      0      0      0      0      0      0      0      0      0     
0x7f1ae3b9cd10           IADD3 R7, R5, UR9, R0                                           2      0      2      35968   1150976   1150976   32     32     0      -             -          -      0         0      0         0         0        0         0         0         -      0      0      0      0      0      0      0      0      1      0      0      0      0      0      0      0      0      0      0      1      0      0      0      0      0      0      0      0      0      0      0      0      0      0      0      0      0      0      0      0      0      0     
0x7f1ae3b9cd20           IMAD R17, R13, 0x80, R172                                       3      0      3      35968   1150976   1150976   32     32     0      -             -          -      0         0      0         0         0        0         0         0         -      0      0      0      0      0      0      0      0      0      0      0      0      0      0      0      0      0      0      0      3      0      0      0      0      0      0      0      0      0      0      0      0      0      0      0      0      0      0      0      0      0      0     
0x7f1ae3b9cd30           LOP3.LUT R0, R11, 0x60, RZ, 0xc0, !PT                           0      0      0      35968   1150976   1150976   32     32     0      -             -          -      0         0      0         0         0        0         0         0         -      0      0      0      0      0      0      0      0      0      0      0      0      0      0      0      0      0      0      0      0      0      0      0      0      0      0      0      0      0      0      0      0      0      0      0      0      0      0      0      0      0      0     
0x7f1ae3b9cd40           ULDC.64 UR4, c[0x0][0x220]                                      4      0      4      35968   1150976   1150976   32     32     0      -             -          -      0         0      0         0         0        0         0         0         -      0      0      0      0      0      0      0      0      0      0      0      0      0      0      0      0      0      0      0      4      0      0      0      0      0      0      0      0      0      0      0      0      0      0      0      0      0      0      0      0      0      0     
0x7f1ae3b9cd50           SHF.R.U32.HI R2, RZ, 0x2, R11                                   2      0      2      35968   1150976   1150976   32     32     0      -             -          -      0         0      0         0         0        0         0         0         -      0      0      0      0      0      0      0      0      0      0      0      0      0      0      0      0      0      0      0      2      0      0      0      0      0      0      0      0      0      0      0      0      0      0      0      0      0      0      0      0      0      0     
0x7f1ae3b9cd60           IMAD R12, R17, 0xc00, RZ                                        1      0      1      35968   1150976   1150976   32     32     0      -             -          -      0         0      0         0         0        0         0         0         -      0      0      0      0      0      0      0      0      0      0      0      0      0      0      0      0      0      0      0      1      0      0      0      0      0      0      0      0      0      0      0      0      0      0      0      0      0      0      0      0      0      0     
0x7f1ae3b9cd70           SHF.R.U32.HI R157, RZ, 0x1, R0                                  3      0      3      35968   1150976   1150976   32     32     0      -             -          -      0         0      0         0         0        0         0         0         -      0      0      0      0      0      0      0      0      0      0      0      0      0      0      0      0      0      0      0      3      0      0      0      0      0      0      0      0      0      0      0      0      0      0      0      0      0      0      0      0      0      0     
0x7f1ae3b9cd80           IMAD R15, R0, 0x10, R3                                          16     3      16     35968   1150976   1150976   32     32     0      -             -          -      0         0      0         0         0        0         0         0         -      0      0      0      0      0      0      0      0      0      0      0      0      0      3      0      0      0      9      0      4      0      0      0      0      0      0      0      0      0      0      0      0      0      0      0      3      0      0      0      0      0      0     
0x7f1ae3b9cd90           SGXT.U32 R2, R2, 0x3                                            3      0      3      35968   1150976   1150976   32     32     0      -             -          -      0         0      0         0         0        0         0         0         -      0      0      0      0      0      0      0      0      0      0      0      0      0      0      0      0      0      0      0      3      0      0      0      0      0      0      0      0      0      0      0      0      0      0      0      0      0      0      0      0      0      0     
0x7f1ae3b9cda0           IMAD R0, R9, 0xc0000, RZ                                        1      0      1      35968   1150976   1150976   32     32     0      -             -          -      0         0      0         0         0        0         0         0         -      0      0      0      0      0      0      0      0      0      0      0      0      0      0      0      0      0      0      0      1      0      0      0      0      0      0      0      0      0      0      0      0      0      0      0      0      0      0      0      0      0      0     
0x7f1ae3b9cdb0           LOP3.LUT R5, R4, 0x1000, RZ, 0xc0, !PT                          1      0      1      35968   1150976   1150976   32     32     0      -             -          -      0         0      0         0         0        0         0         0         -      0      0      0      0      0      0      0      0      0      0      0      0      0      0      0      0      0      0      0      1      0      0      0      0      0      0      0      0      0      0      0      0      0      0      0      0      0      0      0      0      0      0     
0x7f1ae3b9cdc0           IMAD R17, R17, 0xc0, RZ                                         2      0      2      35968   1150976   1150976   32     32     0      -             -          -      0         0      0         0         0        0         0         0         -      0      0      0      0      0      0      0      0      0      0      0      0      0      0      0      0      0      0      0      2      0      0      0      0      0      0      0      0      0      0      0      0      0      0      0      0      0      0      0      0      0      0     
0x7f1ae3b9cdd0           LOP3.LUT R157, R157, UR8, R2, 0xfe, !PT                         0      0      0      35968   1150976   1150976   32     32     0      -             -          -      0         0      0         0         0        0         0         0         -      0      0      0      0      0      0      0      0      0      0      0      0      0      0      0      0      0      0      0      0      0      0      0      0      0      0      0      0      0      0      0      0      0      0      0      0      0      0      0      0      0      0     
0x7f1ae3b9cde0           IMAD.HI R3, R0, 0x4, RZ                                         0      0      0      35968   1150976   1150976   32     32     0      -             -          -      0         0      0         0         0        0         0         0         -      0      0      0      0      0      0      0      0      0      0      0      0      0      0      0      0      0      0      0      0      0      0      0      0      0      0      0      0      0      0      0      0      0      0      0      0      0      0      0      0      0      0     
0x7f1ae3b9cdf0           LOP3.LUT R0, R11, 0x7c, RZ, 0xc0, !PT                           0      0      0      35968   1150976   1150976   32     32     0      -             -          -      0         0      0         0         0        0         0         0         -      0      0      0      0      0      0      0      0      0      0      0      0      0      0      0      0      0      0      0      0      0      0      0      0      0      0      0      0      0      0      0      0      0      0      0      0      0      0      0      0      0      0     
0x7f1ae3b9ce00           CS2R R174, SRZ                                                  30     10     30     35968   1150976   1150976   32     32     0      -             -          -      0         0      0         0         0        0         0         0         -      0      0      0      0      0      0      0      0      9      0      0      0      0      7      0      0      0      1      7      2      0      0      0      4      0      0      2      0      0      0      0      6      0      0      0      1      0      0      0      0      0      1     
0x7f1ae3b9ce10           LOP3.LUT R154, R5, 0x7e, R154, 0xf8, !PT                        8      4      8      35968   1150976   1150976   32     32     0      -             -          -      0         0      0         0         0        0         0         0         -      0      0      0      0      0      0      0      0      3      0      0      0      0      0      0      0      0      0      2      1      0      0      0      2      0      0      2      0      0      0      0      0      0      0      0      0      0      0      0      0      0      2     
0x7f1ae3b9ce20           IMAD R5, R9, 0xc00000, RZ                                       2      0      2      35968   1150976   1150976   32     32     0      -             -          -      0         0      0         0         0        0         0         0         -      0      0      0      0      0      0      0      0      0      0      0      0      0      0      0      0      0      0      0      2      0      0      0      0      0      0      0      0      0      0      0      0      0      0      0      0      0      0      0      0      0      0     
0x7f1ae3b9ce30           LOP3.LUT R4, R158, 0x7f, R11, 0xf8, !PT                         1      0      1      35968   1150976   1150976   32     32     0      -             -          -      0         0      0         0         0        0         0         0         -      0      0      0      0      0      0      0      0      0      0      0      0      0      0      0      0      0      0      0      1      0      0      0      0      0      0      0      0      0      0      0      0      0      0      0      0      0      0      0      0      0      0     
0x7f1ae3b9ce40           IMAD R2, R9, 0x300000, RZ                                       1      0      1      35968   1150976   1150976   32     32     0      -             -          -      0         0      0         0         0        0         0         0         -      0      0      0      0      0      0      0      0      0      0      0      0      0      0      0      0      0      0      0      1      0      0      0      0      0      0      0      0      0      0      0      0      0      0      0      0      0      0      0      0      0      0     
0x7f1ae3b9ce50           LEA.HI R0, R0, UR8, RZ, 0x1e                                    0      0      0      35968   1150976   1150976   32     32     0      -             -          -      0         0      0         0         0        0         0         0         -      0      0      0      0      0      0      0      0      0      0      0      0      0      0      0      0      0      0      0      0      0      0      0      0      0      0      0      0      0      0      0      0      0      0      0      0      0      0      0      0      0      0     
0x7f1ae3b9ce60           LDC.64 R8, c[0x0][0x210]                                        0      0      0      35968   1150976   1150976   32     32     0      -             -          -      0         0      0         0         0        0         0         0         -      0      0      0      0      0      0      0      0      0      0      0      0      0      0      0      0      0      0      0      0      0      0      0      0      0      0      0      0      0      0      0      0      0      0      0      0      0      0      0      0      0      0     
0x7f1ae3b9ce70           LOP3.LUT R156, R11, 0x18, RZ, 0xc0, !PT                         1      0      1      35968   1150976   1150976   32     32     0      -             -          -      0         0      0         0         0        0         0         0         -      0      0      0      0      0      0      0      0      0      0      0      0      0      0      0      0      0      0      0      1      0      0      0      0      0      0      0      0      0      0      0      0      0      0      0      0      0      0      0      0      0      0     
0x7f1ae3b9ce80           IMAD R4, R4, 0xc00, RZ                                          6      0      6      35968   1150976   1150976   32     32     0      -             -          -      0         0      0         0         0        0         0         0         -      0      0      0      0      0      0      0      0      0      0      0      0      0      1      0      0      0      2      1      2      0      0      0      0      0      0      0      0      0      0      0      0      0      0      0      0      0      0      0      0      0      0     
0x7f1ae3b9ce90           LOP3.LUT R184, R11, 0x3, RZ, 0xc0, !PT                          3      0      3      35968   1150976   1150976   32     32     0      -             -          -      0         0      0         0         0        0         0         0         -      0      0      0      0      0      0      0      0      0      0      0      0      0      0      0      0      0      0      0      3      0      0      0      0      0      0      0      0      0      0      0      0      0      0      0      0      0      0      0      0      0      0     
0x7f1ae3b9cea0           VIADD R10, R0, 0x20                                             3      0      3      35968   1150976   1150976   32     32     0      -             -          -      0         0      0         0         0        0         0         0         -      0      0      0      0      0      0      0      0      0      0      0      0      0      0      0      0      0      0      0      3      0      0      0      0      0      0      0      0      0      0      0      0      0      0      0      0      0      0      0      0      0      0     
0x7f1ae3b9ceb0           SGXT R6, R6, 0x1                                                4      0      4      35968   1150976   1150976   32     32     0      -             -          -      0         0      0         0         0        0         0         0         -      0      0      0      0      0      0      0      0      0      0      0      0      0      0      0      0      0      0      0      4      0      0      0      0      0      0      0      0      0      0      0      0      0      0      0      0      0      0      0      0      0      0     
0x7f1ae3b9cec0           IMAD.IADD R156, R156, 0x1, R7                                   0      0      0      35968   1150976   1150976   32     32     0      -             -          -      0         0      0         0         0        0         0         0         -      0      0      0      0      0      0      0      0      0      0      0      0      0      0      0      0      0      0      0      0      0      0      0      0      0      0      0      0      0      0      0      0      0      0      0      0      0      0      0      0      0      0     
0x7f1ae3b9ced0           ISETP.GE.U32.AND P0, PT, R13, 0x20, PT                          1      0      1      35968   1150976   1150976   32     32     0      -             -          -      0         0      0         0         0        0         0         0         -      0      0      0      0      0      0      0      0      0      0      0      0      0      0      0      0      0      0      0      1      0      0      0      0      0      0      0      0      0      0      0      0      0      0      0      0      0      0      0      0      0      0     
0x7f1ae3b9cee0           IMAD.SHL.U32 R13, R184, 0x8, RZ                                 3      0      3      35968   1150976   1150976   32     32     0      -             -          -      0         0      0         0         0        0         0         0         -      0      0      0      0      0      0      0      0      0      0      0      0      0      0      0      0      0      0      0      3      0      0      0      0      0      0      0      0      0      0      0      0      0      0      0      0      0      0      0      0      0      0     
0x7f1ae3b9cef0           LOP3.LUT R11, R6, 0x88, RZ, 0xc0, !PT                           2      0      2      35968   1150976   1150976   32     32     0      -             -          -      0         0      0         0         0        0         0         0         -      0      0      0      0      0      0      0      0      0      0      0      0      0      0      0      0      0      0      0      2      0      0      0      0      0      0      0      0      0      0      0      0      0      0      0      0      0      0      0      0      0      0     
0x7f1ae3b9cf00           IMAD.WIDE.U32 R2, R17, 0x4, R2                                  6      2      6      35968   1150976   1150976   32     32     0      -             -          -      0         0      0         0         0        0         0         0         -      0      0      0      0      0      0      0      0      0      0      0      0      0      2      0      0      0      0      0      4      0      0      0      0      0      0      0      0      0      0      0      2      0      0      0      0      0      0      0      0      0      0     
0x7f1ae3b9cf10           SHF.R.S32.HI R19, RZ, 0x1f, R4                                  2      0      2      35968   1150976   1150976   32     32     0      -             -          -      0         0      0         0         0        0         0         0         -      0      0      0      0      0      0      0      0      0      0      0      0      0      0      0      0      0      0      0      2      0      0      0      0      0      0      0      0      0      0      0      0      0      0      0      0      0      0      0      0      0      0     
0x7f1ae3b9cf20           CS2R R176, SRZ                                                  15     3      15     35968   1150976   1150976   32     32     0      -             -          -      0         0      0         0         0        0         0         0         -      0      0      0      0      0      0      0      0      1      0      0      0      0      2      0      0      0      0      4      4      0      0      0      4      0      0      0      0      0      0      0      2      0      0      0      0      0      0      0      0      0      1     
0x7f1ae3b9cf30           SHF.R.S32.HI R16, RZ, 0x1f, R5                                  7      5      7      35968   1150976   1150976   32     32     0      -             -          -      0         0      0         0         0        0         0         0         -      0      0      0      0      0      0      0      0      3      0      0      0      0      1      0      0      0      0      0      1      0      0      0      2      0      0      3      0      0      0      0      1      0      0      0      0      0      0      0      0      0      1     
0x7f1ae3b9cf40           IMAD R160, R184, 0x2, R11                                       3      0      3      35968   1150976   1150976   32     32     0      -             -          -      0         0      0         0         0        0         0         0         -      0      0      0      0      0      0      0      0      0      0      0      0      0      0      0      0      0      0      0      3      0      0      0      0      0      0      0      0      0      0      0      0      0      0      0      0      0      0      0      0      0      0     
0x7f1ae3b9cf50           IADD3 R4, P1, P4, R4, UR4, R5                                   6      0      6      35968   1150976   1150976   32     32     0      -             -          -      0         0      0         0         0        0         0         0         -      0      0      0      0      0      0      0      0      0      0      0      0      0      0      0      0      0      0      0      6      0      0      0      0      0      0      0      0      0      0      0      0      0      0      0      0      0      0      0      0      0      0     
0x7f1ae3b9cf60           IMAD.MOV.U32 R183, RZ, RZ, 0x1                                  3      0      3      35968   1150976   1150976   32     32     0      -             -          -      0         0      0         0         0        0         0         0         -      0      0      0      0      0      0      0      0      0      0      0      0      0      0      0      0      0      0      0      3      0      0      0      0      0      0      0      0      0      0      0      0      0      0      0      0      0      0      0      0      0      0     
0x7f1ae3b9cf70           ISETP.GE.U32.AND P2, PT, R0, R106, PT                           2      0      2      35968   1150976   1150976   32     32     0      -             -          -      0         0      0         0         0        0         0         0         -      0      0      0      0      0      0      0      0      0      0      0      0      0      0      0      0      0      0      0      2      0      0      0      0      0      0      0      0      0      0      0      0      0      0      0      0      0      0      0      0      0      0     
0x7f1ae3b9cf80           IMAD.IADD R160, R160, 0x1, R15                                  8      4      8      35968   1150976   1150976   32     32     0      -             -          -      0         0      0         0         0        0         0         0         -      0      0      0      0      0      0      0      0      0      0      0      0      0      1      0      0      0      6      0      1      0      0      0      0      0      0      0      0      0      0      0      1      0      0      0      3      0      0      0      0      0      0     
0x7f1ae3b9cf90           LOP3.LUT R159, R11, 0x378, R159, 0x78, !PT                      3      0      3      35968   1150976   1150976   32     32     0      -             -          -      0         0      0         0         0        0         0         0         -      0      0      0      0      0      0      0      0      1      0      0      0      0      0      0      0      0      0      0      2      0      0      0      0      0      0      0      0      0      0      0      0      0      0      0      0      0      0      0      0      0      0     
0x7f1ae3b9cfa0           IMAD.MOV.U32 R182, RZ, RZ, RZ                                   5      0      5      35968   1150976   1150976   32     32     0      -             -          -      0         0      0         0         0        0         0         0         -      0      0      0      0      0      0      0      0      0      0      0      0      0      0      0      0      0      0      0      5      0      0      0      0      0      0      0      0      0      0      0      0      0      0      0      0      0      0      0      0      0      0     
0x7f1ae3b9cfb0           SHF.R.S32.HI R11, RZ, 0x1f, R12                                 2      0      2      35968   1150976   1150976   32     32     0      -             -          -      0         0      0         0         0        0         0         0         -      0      0      0      0      0      0      0      0      0      0      0      0      0      0      0      0      0      0      0      2      0      0      0      0      0      0      0      0      0      0      0      0      0      0      0      0      0      0      0      0      0      0     
0x7f1ae3b9cfc0           CS2R R178, SRZ                                                  6      0      6      35968   1150976   1150976   32     32     0      -             -          -      0         0      0         0         0        0         0         0         -      0      0      0      0      0      0      0      0      1      0      0      0      0      0      0      0      0      0      2      2      0      0      0      1      0      0      0      0      0      0      0      0      0      0      0      0      0      0      0      0      0      0     
0x7f1ae3b9cfd0           ISETP.GE.U32.AND P3, PT, R10, R106, PT                          12     1      12     35968   1150976   1150976   32     32     0      -             -          -      0         0      0         0         0        0         0         0         -      0      0      0      0      0      0      0      0      0      0      0      0      0      0      0      0      0      0      5      6      0      0      0      1      0      0      0      0      0      0      0      0      0      0      0      0      0      0      0      0      0      1     
0x7f1ae3b9cfe0           IMAD.MOV.U32 R161, RZ, RZ, RZ                                   1      0      1      35968   1150976   1150976   32     32     0      -             -          -      0         0      0         0         0        0         0         0         -      0      0      0      0      0      0      0      0      0      0      0      0      0      0      0      0      0      0      0      1      0      0      0      0      0      0      0      0      0      0      0      0      0      0      0      0      0      0      0      0      0      0     
0x7f1ae3b9cff0           LEA R172, R172, UR9, 0x4                                        1      0      1      35968   1150976   1150976   32     32     0      -             -          -      0         0      0         0         0        0         0         0         -      0      0      0      0      0      0      0      0      0      0      0      0      0      0      0      0      0      0      0      1      0      0      0      0      0      0      0      0      0      0      0      0      0      0      0      0      0      0      0      0      0      0     
0x7f1ae3b9d000           CS2R R166, SRZ                                                  3      1      3      35968   1150976   1150976   32     32     0      -             -          -      0         0      0         0         0        0         0         0         -      0      0      0      0      0      0      0      0      0      0      0      0      0      0      0      0      0      0      0      0      0      0      0      3      0      0      0      0      0      0      0      0      0      0      0      0      0      0      0      0      0      1     
0x7f1ae3b9d010           LOP3.LUT R171, R157, 0x8, RZ, 0xfc, !PT                         4      3      4      35968   1150976   1150976   32     32     0      -             -          -      0         0      0         0         0        0         0         0         -      0      0      0      0      0      0      0      0      0      0      0      0      0      0      0      0      0      0      0      1      0      0      0      3      0      0      0      0      0      0      0      0      0      0      0      0      0      0      0      0      0      3     
0x7f1ae3b9d020           CS2R R164, SRZ                                                  4      2      4      35968   1150976   1150976   32     32     0      -             -          -      0         0      0         0         0        0         0         0         -      0      0      0      0      0      0      0      0      0      0      0      0      0      0      0      0      0      0      1      0      0      0      0      3      0      0      0      0      0      0      0      0      0      0      0      0      0      0      0      0      0      2     
0x7f1ae3b9d030           CS2R R168, SRZ                                                  8      2      8      35968   1150976   1150976   32     32     0      -             -          -      0         0      0         0         0        0         0         0         -      0      0      0      0      0      0      0      0      0      0      0      0      0      1      0      0      0      0      3      2      0      0      0      2      0      0      0      0      0      0      0      0      0      0      0      0      0      0      0      0      0      2     
0x7f1ae3b9d040           IMAD.MOV.U32 R170, RZ, RZ, RZ                                   4      0      4      35968   1150976   1150976   32     32     0      -             -          -      0         0      0         0         0        0         0         0         -      0      0      0      0      0      0      0      0      0      0      0      0      0      0      0      0      0      0      0      4      0      0      0      0      0      0      0      0      0      0      0      0      0      0      0      0      0      0      0      0      0      0     
0x7f1ae3b9d050           CS2R R142, SRZ                                                  3      0      3      35968   1150976   1150976   32     32     0      -             -          -      0         0      0         0         0        0         0         0         -      0      0      0      0      0      0      0      0      0      0      0      0      0      0      0      0      0      0      0      3      0      0      0      0      0      0      0      0      0      0      0      0      0      0      0      0      0      0      0      0      0      0     
0x7f1ae3b9d060           CS2R R144, SRZ                                                  7      0      7      35968   1150976   1150976   32     32     0      -             -          -      0         0      0         0         0        0         0         0         -      0      0      0      0      0      0      0      0      0      0      0      0      0      0      0      0      0      0      2      3      0      0      0      2      0      0      0      0      0      0      0      0      0      0      0      0      0      0      0      0      0      0     
0x7f1ae3b9d070           CS2R R146, SRZ                                                  9      3      9      35968   1150976   1150976   32     32     0      -             -          -      0         0      0         0         0        0         0         0         -      0      0      0      0      0      0      0      0      0      0      0      0      0      0      0      0      0      0      4      1      0      0      0      4      0      0      0      0      0      0      0      0      0      0      0      0      0      0      0      0      0      3     
0x7f1ae3b9d080           CS2R R148, SRZ                                                  6      4      6      35968   1150976   1150976   32     32     0      -             -          -      0         0      0         0         0        0         0         0         -      0      0      0      0      0      0      0      0      0      0      0      0      0      0      0      0      0      1      0      2      0      0      0      3      0      0      0      0      0      0      0      0      0      0      0      1      0      0      0      0      0      3     
0x7f1ae3b9d090           CS2R R138, SRZ                                                  3      1      3      35968   1150976   1150976   32     32     0      -             -          -      0         0      0         0         0        0         0         0         -      0      0      0      0      0      0      0      0      0      0      0      0      0      0      0      0      0      0      0      2      0      0      0      1      0      0      0      0      0      0      0      0      0      0      0      0      0      0      0      0      0      1     
0x7f1ae3b9d0a0           CS2R R132, SRZ                                                  13     6      13     35968   1150976   1150976   32     32     0      -             -          -      0         0      0         0         0        0         0         0         -      0      0      0      0      0      0      0      0      0      0      0      0      0      4      0      0      0      0      3      2      0      0      0      4      0      0      0      0      0      0      0      3      0      0      0      0      0      0      0      0      0      3     
0x7f1ae3b9d0b0           IMAD.MOV.U32 R155, RZ, RZ, RZ                                   1      0      1      35968   1150976   1150976   32     32     0      -             -          -      0         0      0         0         0        0         0         0         -      0      0      0      0      0      0      0      0      0      0      0      0      0      0      0      0      0      0      0      1      0      0      0      0      0      0      0      0      0      0      0      0      0      0      0      0      0      0      0      0      0      0     
0x7f1ae3b9d0c0           CS2R R150, SRZ                                                  2      0      2      35968   1150976   1150976   32     32     0      -             -          -      0         0      0         0         0        0         0         0         -      0      0      0      0      0      0      0      0      0      0      0      0      0      0      0      0      0      0      0      2      0      0      0      0      0      0      0      0      0      0      0      0      0      0      0      0      0      0      0      0      0      0     
0x7f1ae3b9d0d0           CS2R R152, SRZ                                                  8      2      8      35968   1150976   1150976   32     32     0      -             -          -      0         0      0         0         0        0         0         0         -      0      0      0      0      0      0      0      0      0      0      0      0      0      0      0      0      0      0      4      2      0      0      0      2      0      0      0      0      0      0      0      0      0      0      0      0      0      0      0      0      0      2     
0x7f1ae3b9d0e0           CS2R R140, SRZ                                                  4      2      4      35968   1150976   1150976   32     32     0      -             -          -      0         0      0         0         0        0         0         0         -      0      0      0      0      0      0      0      0      0      0      0      0      0      0      0      0      0      0      0      2      0      0      0      2      0      0      0      0      0      0      0      0      0      0      0      0      0      0      0      0      0      2     
0x7f1ae3b9d0f0           CS2R R130, SRZ                                                  9      0      9      35968   1150976   1150976   32     32     0      -             -          -      0         0      0         0         0        0         0         0         -      0      0      0      0      0      0      0      0      0      0      0      0      0      0      0      0      0      0      1      7      0      0      0      1      0      0      0      0      0      0      0      0      0      0      0      0      0      0      0      0      0      0     
0x7f1ae3b9d100           CS2R R128, SRZ                                                  3      1      3      35968   1150976   1150976   32     32     0      -             -          -      0         0      0         0         0        0         0         0         -      0      0      0      0      0      0      0      0      0      0      0      0      0      0      0      0      0      0      1      1      0      0      0      1      0      0      0      0      0      0      0      0      0      0      0      0      0      0      0      0      0      1     
0x7f1ae3b9d110           CS2R R134, SRZ                                                  7      2      7      35968   1150976   1150976   32     32     0      -             -          -      0         0      0         0         0        0         0         0         -      0      0      0      0      0      0      0      0      0      0      0      0      0      3      0      0      0      0      2      2      0      0      0      0      0      0      0      0      0      0      0      2      0      0      0      0      0      0      0      0      0      0     
0x7f1ae3b9d120           CS2R R136, SRZ                                                  8      4      8      35968   1150976   1150976   32     32     0      -             -          -      0         0      0         0         0        0         0         0         -      0      0      0      0      0      0      0      0      0      0      0      0      0      0      0      0      0      0      0      4      0      0      0      4      0      0      0      0      0      0      0      0      0      0      0      0      0      0      0      0      0      4     
0x7f1ae3b9d130           CS2R R110, SRZ                                                  7      1      7      35968   1150976   1150976   32     32     0      -             -          -      0         0      0         0         0        0         0         0         -      0      0      0      0      0      0      0      0      0      0      0      0      0      0      0      0      0      0      2      4      0      0      0      1      0      0      0      0      0      0      0      0      0      0      0      0      0      0      0      0      0      1     
0x7f1ae3b9d140           CS2R R116, SRZ                                                  8      1      8      35968   1150976   1150976   32     32     0      -             -          -      0         0      0         0         0        0         0         0         -      0      0      0      0      0      0      0      0      0      0      0      0      0      0      0      0      0      0      3      3      0      0      0      2      0      0      0      0      0      0      0      0      0      0      0      0      0      0      0      0      0      1     
0x7f1ae3b9d150           CS2R R124, SRZ                                                  11     3      11     35968   1150976   1150976   32     32     0      -             -          -      0         0      0         0         0        0         0         0         -      0      0      0      0      0      0      0      0      0      0      0      0      0      1      0      0      0      0      3      2      0      0      0      5      0      0      0      0      0      0      0      1      0      0      0      0      0      0      0      0      0      2     
0x7f1ae3b9d160           CS2R R108, SRZ                                                  7      5      7      35968   1150976   1150976   32     32     0      -             -          -      0         0      0         0         0        0         0         0         -      0      0      0      0      0      0      0      0      0      0      0      0      0      0      0      0      0      0      0      1      0      0      0      6      0      0      0      0      0      0      0      0      0      0      0      0      0      0      0      0      0      5     
0x7f1ae3b9d170           CS2R R114, SRZ                                                  34     12     34     35968   1150976   1150976   32     32     0      -             -          -      0         0      0         0         0        0         0         0         -      0      0      0      0      0      0      0      0      0      0      0      0      0      16     0      0      0      0      12     3      0      0      0      3      0      0      0      0      0      0      0      10     0      0      0      0      0      0      0      0      0      2     
0x7f1ae3b9d180           CS2R R112, SRZ                                                  8      4      8      35968   1150976   1150976   32     32     0      -             -          -      0         0      0         0         0        0         0         0         -      0      0      0      0      0      0      0      0      0      0      0      0      0      3      0      0      0      0      2      1      0      0      0      2      0      0      0      0      0      0      0      3      0      0      0      0      0      0      0      0      0      1     
0x7f1ae3b9d190           CS2R R118, SRZ                                                  5      1      5      35968   1150976   1150976   32     32     0      -             -          -      0         0      0         0         0        0         0         0         -      0      0      0      0      0      0      0      0      0      0      0      0      0      0      0      0      0      0      1      3      0      0      0      1      0      0      0      0      0      0      0      0      0      0      0      0      0      0      0      0      0      1     
0x7f1ae3b9d1a0           CS2R R120, SRZ                                                  2      0      2      35968   1150976   1150976   32     32     0      -             -          -      0         0      0         0         0        0         0         0         -      0      0      0      0      0      0      0      0      0      0      0      0      0      0      0      0      0      0      1      1      0      0      0      0      0      0      0      0      0      0      0      0      0      0      0      0      0      0      0      0      0      0     
0x7f1ae3b9d1b0           CS2R R122, SRZ                                                  7      3      7      35968   1150976   1150976   32     32     0      -             -          -      0         0      0         0         0        0         0         0         -      0      0      0      0      0      0      0      0      0      0      0      0      0      0      0      0      0      0      2      2      0      0      0      3      0      0      0      0      0      0      0      0      0      0      0      0      0      0      0      0      0      3     
0x7f1ae3b9d1c0           CS2R R126, SRZ                                                  10     2      10     35968   1150976   1150976   32     32     0      -             -          -      0         0      0         0         0        0         0         0         -      0      0      0      0      0      0      0      0      0      0      0      0      0      0      0      0      0      0      4      3      0      0      0      3      0      0      0      0      0      0      0      0      0      0      0      0      0      0      0      0      0      2     
0x7f1ae3b9d1d0           IMAD.SHL.U32 R184, R184, 0x20, RZ                               2      0      2      35968   1150976   1150976   32     32     0      -             -          -      0         0      0         0         0        0         0         0         -      0      0      0      0      0      0      0      0      0      0      0      0      0      0      0      0      0      0      0      2      0      0      0      0      0      0      0      0      0      0      0      0      0      0      0      0      0      0      0      0      0      0     
0x7f1ae3b9d1e0           LOP3.LUT R188, R154, 0x10, RZ, 0x3c, !PT                        1      0      1      35968   1150976   1150976   32     32     0      -             -          -      0         0      0         0         0        0         0         0         -      0      0      0      0      0      0      0      0      0      0      0      0      0      0      0      0      0      0      0      1      0      0      0      0      0      0      0      0      0      0      0      0      0      0      0      0      0      0      0      0      0      0     
0x7f1ae3b9d1f0           LOP3.LUT R189, R154, 0x20, RZ, 0x3c, !PT                        44     13     44     35968   1150976   1150976   32     32     0      -             -          -      0         0      0         0         0        0         0         0         -      0      0      0      0      0      0      0      0      0      0      0      0      0      14     0      0      0      0      25     2      0      0      0      3      0      0      0      0      0      0      0      11     0      0      0      0      0      0      0      0      0      2     
0x7f1ae3b9d200           LOP3.LUT R190, R154, 0x30, RZ, 0x3c, !PT                        4      1      4      35968   1150976   1150976   32     32     0      -             -          -      0         0      0         0         0        0         0         0         -      0      0      0      0      0      0      0      0      0      0      0      0      0      1      0      0      0      0      0      2      0      0      0      1      0      0      0      0      0      0      0      0      0      0      0      0      0      0      0      0      0      1     
0x7f1ae3b9d210           LOP3.LUT R191, R154, 0x40, RZ, 0x3c, !PT                        3      1      3      35968   1150976   1150976   32     32     0      -             -          -      0         0      0         0         0        0         0         0         -      0      0      0      0      0      0      0      0      0      0      0      0      0      0      0      0      0      0      1      0      0      0      0      2      0      0      0      0      0      0      0      0      0      0      0      0      0      0      0      0      0      1     
0x7f1ae3b9d220           LOP3.LUT R192, R154, 0x50, RZ, 0x3c, !PT                        1      0      1      35968   1150976   1150976   32     32     0      -             -          -      0         0      0         0         0        0         0         0         -      0      0      0      0      0      0      0      0      0      0      0      0      0      0      0      0      0      0      1      0      0      0      0      0      0      0      0      0      0      0      0      0      0      0      0      0      0      0      0      0      0      0     
0x7f1ae3b9d230           LOP3.LUT R193, R154, 0x60, RZ, 0x3c, !PT                        5      1      5      35968   1150976   1150976   32     32     0      -             -          -      0         0      0         0         0        0         0         0         -      0      0      0      0      0      0      0      0      0      0      0      0      0      0      0      0      0      0      1      3      0      0      0      1      0      0      0      0      0      0      0      0      0      0      0      0      0      0      0      0      0      1     
0x7f1ae3b9d240           LOP3.LUT R194, R154, 0x70, RZ, 0x3c, !PT                        6      2      6      35968   1150976   1150976   32     32     0      -             -          -      0         0      0         0         0        0         0         0         -      0      0      0      0      0      0      0      0      0      0      0      0      0      0      0      0      0      0      0      4      0      0      0      2      0      0      0      0      0      0      0      0      0      0      0      0      0      0      0      0      0      2     
0x7f1ae3b9d250           LOP3.LUT R197, R160, 0x8, RZ, 0x3c, !PT                         28     5      28     35968   1150976   1150976   32     32     0      -             -          -      0         0      0         0         0        0         0         0         -      0      0      0      0      0      0      0      0      0      0      0      0      0      7      0      0      0      0      18     2      0      0      0      1      0      0      0      0      0      0      0      5      0      0      0      0      0      0      0      0      0      0     
0x7f1ae3b9d260           IADD3 R21, P5, R107, R0, RZ                                     134    102    134    35968   1150976   1150976   32     32     0      -             -          -      0         0      0         0         0        0         0         0         -      0      0      0      0      0      0      0      0      4      0      0      0      123    1      0      0      0      0      3      2      0      0      0      1      0      0      0      0      0      0      101    0      0      0      0      0      0      0      0      0      0      1     
0x7f1ae3b9d270           SHF.R.S32.HI R14, RZ, 0x1f, R107                                13     3      13     35968   1150976   1150976   32     32     0      -             -          -      0         0      0         0         0        0         0         0         -      0      0      0      0      0      0      0      0      0      0      0      0      0      0      0      0      0      0      5      3      0      0      0      5      0      0      0      0      0      0      0      0      0      0      0      0      0      0      0      0      0      3     
0x7f1ae3b9d280           IMAD.WIDE.U32 R6, R21, 0x1800, RZ                               15     4      15     35968   1150976   1150976   32     32     0      -             -          -      0         0      0         0         0        0         0         0         -      0      0      0      0      0      0      0      0      0      0      0      0      0      0      0      0      0      1      3      6      0      0      0      5      0      0      0      0      0      0      0      0      0      0      0      0      0      0      0      0      0      4     
0x7f1ae3b9d290           IMAD.X R0, RZ, RZ, R14, P5                                      12     6      12     35968   1150976   1150976   32     32     0      -             -          -      0         0      0         0         0        0         0         0         -      0      0      0      0      0      0      0      0      0      0      0      0      0      1      0      0      0      0      0      4      0      0      0      7      0      0      0      0      0      0      0      0      0      0      0      0      0      0      0      0      0      6     
0x7f1ae3b9d2a0           IADD3 R186, P6, P5, R5, UR4, R12                                12     0      12     35968   1150976   1150976   32     32     0      -             -          -      0         0      0         0         0        0         0         0         -      0      0      0      0      0      0      0      0      9      0      0      0      0      0      0      0      0      0      0      3      0      0      0      0      0      0      0      0      0      0      0      0      0      0      0      0      0      0      0      0      0      0     
0x7f1ae3b9d2b0           IADD3.X R5, R19, UR5, R16, P1, P4                               9      2      9      35968   1150976   1150976   32     32     0      -             -          -      0         0      0         0         0        0         0         0         -      0      0      0      0      0      0      0      0      1      0      0      0      0      0      0      0      0      0      3      3      0      0      0      2      0      0      0      0      0      0      0      0      0      0      0      0      0      0      0      0      0      2     
0x7f1ae3b9d2c0           IMAD R23, R0, 0x1800, RZ                                        4      0      4      35968   1150976   1150976   32     32     0      -             -          -      0         0      0         0         0        0         0         0         -      0      0      0      0      0      0      0      0      1      0      0      0      0      0      0      0      0      0      0      3      0      0      0      0      0      0      0      0      0      0      0      0      0      0      0      0      0      0      0      0      0      0     
0x7f1ae3b9d2d0           LOP3.LUT R196, R6, R13, RZ, 0xfc, !PT                           0      0      0      35968   1150976   1150976   32     32     0      -             -          -      0         0      0         0         0        0         0         0         -      0      0      0      0      0      0      0      0      0      0      0      0      0      0      0      0      0      0      0      0      0      0      0      0      0      0      0      0      0      0      0      0      0      0      0      0      0      0      0      0      0      0     
0x7f1ae3b9d2e0           IADD3 R19, P1, R107, R10, RZ                                    6      1      6      35968   1150976   1150976   32     32     0      -             -          -      0         0      0         0         0        0         0         0         -      0      0      0      0      0      0      0      0      0      0      0      0      0      0      0      0      0      0      2      1      0      0      0      3      0      0      0      0      0      0      0      0      0      0      0      0      0      0      0      0      0      1     
0x7f1ae3b9d2f0           IADD3 R196, P4, R196, UR6, RZ                                   6      0      6      35968   1150976   1150976   32     32     0      -             -          -      0         0      0         0         0        0         0         0         -      0      0      0      0      0      0      0      0      1      0      0      0      0      0      0      0      0      0      3      2      0      0      0      0      0      0      0      0      0      0      0      0      0      0      0      0      0      0      0      0      0      0     
0x7f1ae3b9d300           IADD3.X R16, R16, UR5, R11, P6, P5                              5      1      5      35968   1150976   1150976   32     32     0      -             -          -      0         0      0         0         0        0         0         0         -      0      0      0      0      0      0      0      0      0      0      0      0      0      0      0      0      0      0      0      3      0      0      0      2      0      0      0      0      0      0      0      0      0      0      0      0      0      0      0      0      0      1     
0x7f1ae3b9d310           IMAD.WIDE.U32 R10, R19, 0x1800, RZ                              2      0      2      35968   1150976   1150976   32     32     0      -             -          -      0         0      0         0         0        0         0         0         -      0      0      0      0      0      0      0      0      1      0      0      0      0      0      0      0      0      0      0      1      0      0      0      0      0      0      0      0      0      0      0      0      0      0      0      0      0      0      0      0      0      0     
0x7f1ae3b9d320           IADD3.X R195, R23, UR7, R7, P4, !PT                             2      0      2      35968   1150976   1150976   32     32     0      -             -          -      0         0      0         0         0        0         0         0         -      0      0      0      0      0      0      0      0      0      0      0      0      0      0      0      0      0      0      0      2      0      0      0      0      0      0      0      0      0      0      0      0      0      0      0      0      0      0      0      0      0      0     
0x7f1ae3b9d330           ULDC.64 UR4, c[0x0][0x228]                                      2      0      2      35968   1150976   1150976   32     32     0      -             -          -      0         0      0         0         0        0         0         0         -      0      0      0      0      0      0      0      0      0      0      0      0      0      0      0      0      0      0      0      2      0      0      0      0      0      0      0      0      0      0      0      0      0      0      0      0      0      0      0      0      0      0     
0x7f1ae3b9d340           IMAD.WIDE.U32 R6, R21, 0x1800, R8                               7      2      7      35968   1150976   1150976   32     32     0      -             -          -      0         0      0         0         0        0         0         0         -      0      0      0      0      0      0      0      0      0      0      0      0      0      2      0      0      0      0      1      2      0      0      0      2      0      0      0      0      0      0      0      1      0      0      0      0      0      0      0      0      0      1     
0x7f1ae3b9d350           LOP3.LUT R198, R10, R13, RZ, 0xfc, !PT                          12     0      12     35968   1150976   1150976   32     32     0      -             -          -      0         0      0         0         0        0         0         0         -      0      0      0      0      0      0      0      0      12     0      0      0      0      0      0      0      0      0      0      0      0      0      0      0      0      0      0      0      0      0      0      0      0      0      0      0      0      0      0      0      0      0     
0x7f1ae3b9d360           IADD3 R162, P6, R2, UR4, RZ                                     12     4      12     35968   1150976   1150976   32     32     0      -             -          -      0         0      0         0         0        0         0         0         -      0      0      0      0      0      0      0      0      1      0      0      0      0      2      0      0      0      0      3      5      0      0      0      1      0      0      1      0      0      0      0      2      0      0      0      0      0      0      0      0      0      1     
0x7f1ae3b9d370           IMAD.X R0, RZ, RZ, R14, P1                                      2      0      2      35968   1150976   1150976   32     32     0      -             -          -      0         0      0         0         0        0         0         0         -      0      0      0      0      0      0      0      0      0      0      0      0      0      0      0      0      0      0      0      2      0      0      0      0      0      0      0      0      0      0      0      0      0      0      0      0      0      0      0      0      0      0     
0x7f1ae3b9d380           IADD3 R198, P5, R198, UR6, RZ                                   5      0      5      35968   1150976   1150976   32     32     0      -             -          -      0         0      0         0         0        0         0         0         -      0      0      0      0      0      0      0      0      4      0      0      0      0      0      0      0      0      0      0      1      0      0      0      0      0      0      0      0      0      0      0      0      0      0      0      0      0      0      0      0      0      0     
0x7f1ae3b9d390           IMAD.WIDE.U32 R8, R19, 0x1800, R8                               2      0      2      35968   1150976   1150976   32     32     0      -             -          -      0         0      0         0         0        0         0         0         -      0      0      0      0      0      0      0      0      0      0      0      0      0      0      0      0      0      0      0      2      0      0      0      0      0      0      0      0      0      0      0      0      0      0      0      0      0      0      0      0      0      0     
0x7f1ae3b9d3a0           IADD3 R6, P1, R13, R6, RZ                                       2      0      2      35968   1150976   1150976   32     32     0      -             -          -      0         0      0         0         0        0         0         0         -      0      0      0      0      0      0      0      0      0      0      0      0      0      0      0      0      0      0      0      2      0      0      0      0      0      0      0      0      0      0      0      0      0      0      0      0      0      0      0      0      0      0     
0x7f1ae3b9d3b0           USHF.R.U32.HI UR4, URZ, 0x4, UR9                                1      0      1      35968   1150976   1150976   32     32     0      -             -          -      0         0      0         0         0        0         0         0         -      0      0      0      0      0      0      0      0      0      0      0      0      0      0      0      0      0      0      0      1      0      0      0      0      0      0      0      0      0      0      0      0      0      0      0      0      0      0      0      0      0      0     
0x7f1ae3b9d3c0           IADD3.X R163, R3, UR5, RZ, P6, !PT                              1      0      1      35968   1150976   1150976   32     32     0      -             -          -      0         0      0         0         0        0         0         0         -      0      0      0      0      0      0      0      0      0      0      0      0      0      0      0      0      0      0      0      1      0      0      0      0      0      0      0      0      0      0      0      0      0      0      0      0      0      0      0      0      0      0     
0x7f1ae3b9d3d0           IMAD R15, R0, 0x1800, RZ                                        5      0      5      35968   1150976   1150976   32     32     0      -             -          -      0         0      0         0         0        0         0         0         -      0      0      0      0      0      0      0      0      0      0      0      0      0      0      0      0      0      0      0      5      0      0      0      0      0      0      0      0      0      0      0      0      0      0      0      0      0      0      0      0      0      0     
0x7f1ae3b9d3e0           IADD3 R8, P4, R13, R8, RZ                                       17     0      17     35968   1150976   1150976   32     32     0      -             -          -      0         0      0         0         0        0         0         0         -      0      0      0      0      0      0      0      0      13     0      0      0      0      0      0      0      0      0      0      4      0      0      0      0      0      0      0      0      0      0      0      0      0      0      0      0      0      0      0      0      0      0     
0x7f1ae3b9d3f0           IMAD.X R7, R7, 0x1, R23, P1                                     1      0      1      35968   1150976   1150976   32     32     0      -             -          -      0         0      0         0         0        0         0         0         -      0      0      0      0      0      0      0      0      0      0      0      0      0      0      0      0      0      0      0      1      0      0      0      0      0      0      0      0      0      0      0      0      0      0      0      0      0      0      0      0      0      0     
0x7f1ae3b9d400           IADD3 R3, P1, R107, R157, RZ                                    3      0      3      35968   1150976   1150976   32     32     0      -             -          -      0         0      0         0         0        0         0         0         -      0      0      0      0      0      0      0      0      0      0      0      0      0      0      0      0      0      1      0      2      0      0      0      0      0      0      0      0      0      0      0      0      0      0      0      0      0      0      0      0      0      0     
0x7f1ae3b9d410           USGXT.U32 UR4, UR4, 0xe                                         2      0      2      35968   1150976   1150976   32     32     0      -             -          -      0         0      0         0         0        0         0         0         -      0      0      0      0      0      0      0      0      0      0      0      0      0      0      0      0      0      0      0      2      0      0      0      0      0      0      0      0      0      0      0      0      0      0      0      0      0      0      0      0      0      0     
0x7f1ae3b9d420           IADD3.X R185, R15, UR7, R11, P5, !PT                            4      0      4      35968   1150976   1150976   32     32     0      -             -          -      0         0      0         0         0        0         0         0         -      0      0      0      0      0      0      0      0      0      0      0      0      0      0      0      0      0      0      0      4      0      0      0      0      0      0      0      0      0      0      0      0      0      0      0      0      0      0      0      0      0      0     
0x7f1ae3b9d430           VIADD R11, R159, UR9                                            3      0      3      35968   1150976   1150976   32     32     0      -             -          -      0         0      0         0         0        0         0         0         -      0      0      0      0      0      0      0      0      0      0      0      0      0      0      0      0      0      0      0      3      0      0      0      0      0      0      0      0      0      0      0      0      0      0      0      0      0      0      0      0      0      0     
0x7f1ae3b9d440           IADD3 R13, P5, R107, R171, RZ                                   1      0      1      35968   1150976   1150976   32     32     0      -             -          -      0         0      0         0         0        0         0         0         -      0      0      0      0      0      0      0      0      0      0      0      0      0      0      0      0      0      0      0      1      0      0      0      0      0      0      0      0      0      0      0      0      0      0      0      0      0      0      0      0      0      0     
0x7f1ae3b9d450           IMAD.X R9, R9, 0x1, R15, P4                                     5      0      5      35968   1150976   1150976   32     32     0      -             -          -      0         0      0         0         0        0         0         0         -      0      0      0      0      0      0      0      0      1      0      0      0      0      0      0      0      0      0      0      4      0      0      0      0      0      0      0      0      0      0      0      0      0      0      0      0      0      0      0      0      0      0     
0x7f1ae3b9d460           IADD3 R196, P6, R196, 0x40, RZ                                  3      0      3      35968   1150976   1150976   32     32     0      -             -          -      0         0      0         0         0        0         0         0         -      0      0      0      0      0      0      0      0      0      0      0      0      0      0      0      0      0      0      0      3      0      0      0      0      0      0      0      0      0      0      0      0      0      0      0      0      0      0      0      0      0      0     
0x7f1ae3b9d470           IMAD.WIDE.U32 R2, R3, 0xc0, R100                                3      0      3      35968   1150976   1150976   32     32     0      -             -          -      0         0      0         0         0        0         0         0         -      0      0      0      0      0      0      0      0      1      0      0      0      0      0      0      0      0      0      0      2      0      0      0      0      0      0      0      0      0      0      0      0      0      0      0      0      0      0      0      0      0      0     
0x7f1ae3b9d480     @!PT  LDS RZ, [RZ]                                                    4      0      4      35968   1150976   0         32     0      0                    Load       32     0         0      0         0         0        0         0         0         -      0      0      0      0      0      0      0      0      1      0      0      0      0      0      0      0      0      2      0      1      0      0      0      0      0      0      0      0      0      0      0      0      0      0      0      0      0      0      0      0      0      0     
0x7f1ae3b9d490     @!PT  LDS RZ, [RZ]                                                    6      0      6      35968   1150976   0         32     0      0                    Load       32     0         0      0         0         0        0         0         0         -      0      0      0      0      0      0      0      0      3      0      0      0      0      0      0      0      0      0      0      3      0      0      0      0      0      0      0      0      0      0      0      0      0      0      0      0      0      0      0      0      0      0     
0x7f1ae3b9d4a0     @!PT  LDS RZ, [RZ]                                                    1      0      1      35968   1150976   0         32     0      0                    Load       32     0         0      0         0         0        0         0         0         -      0      0      0      0      0      0      0      0      0      0      0      0      0      0      0      0      0      0      0      1      0      0      0      0      0      0      0      0      0      0      0      0      0      0      0      0      0      0      0      0      0      0     
0x7f1ae3b9d4b0           LDGSTS.E.64 desc[UR12][R6.64], !P2, [R11+0x2000]                1      0      1      35968   1150976   1150976   32     32     0      Global,Shared Load,Store 64     272896    7      204320    276256    71936    0         272896    272896           0      0      0      0      0      0      0      0      0      0      0      0      0      0      0      0      0      0      0      1      0      0      0      0      0      0      0      0      0      0      0      0      0      0      0      0      0      0      0      0      0      0     
0x7f1ae3b9d4c0           UMOV UR6, 0x1000080                                             11     0      11     35968   1150976   1150976   32     32     0      -             -          -      0         0      0         0         0        0         0         0         -      0      0      0      0      0      0      0      0      8      0      0      0      0      0      0      0      0      0      0      3      0      0      0      0      0      0      0      0      0      0      0      0      0      0      0      0      0      0      0      0      0      0     
0x7f1ae3b9d4d0           UMOV UR7, 0x40000040                                            2      0      2      35968   1150976   1150976   32     32     0      -             -          -      0         0      0         0         0        0         0         0         -      0      0      0      0      0      0      0      0      0      0      0      0      0      0      0      0      0      0      0      2      0      0      0      0      0      0      0      0      0      0      0      0      0      0      0      0      0      0      0      0      0      0     
0x7f1ae3b9d4e0           IMAD.X R195, RZ, RZ, R195, P6                                   1      0      1      35968   1150976   1150976   32     32     0      -             -          -      0         0      0         0         0        0         0         0         -      0      0      0      0      0      0      0      0      0      0      0      0      0      0      0      0      0      0      0      1      0      0      0      0      0      0      0      0      0      0      0      0      0      0      0      0      0      0      0      0      0      0     
0x7f1ae3b9d4f0           LDGSTS.E.64 desc[UR12][R8.64], !P3, [R11+0x2400]                0      0      0      35968   1150976   1150976   32     32     0      Global,Shared Load,Store 64     251392    7      188256    260192    71936    0         251392    251392           0      0      0      0      0      0      0      0      0      0      0      0      0      0      0      0      0      0      0      0      0      0      0      0      0      0      0      0      0      0      0      0      0      0      0      0      0      0      0      0      0      0     
0x7f1ae3b9d500           IADD3 R198, P6, R198, 0x40, RZ                                  3      0      3      35968   1150976   1150976   32     32     0      -             -          -      0         0      0         0         0        0         0         0         -      0      0      0      0      0      0      0      0      0      0      0      0      0      0      0      0      0      1      0      2      0      0      0      0      0      0      0      0      0      0      0      0      0      0      0      0      0      0      0      0      0      0     
0x7f1ae3b9d510           IMAD.WIDE.U32 R100, R13, 0xc0, R100                             2      0      2      35968   1150976   1150976   32     32     0      -             -          -      0         0      0         0         0        0         0         0         -      0      0      0      0      0      0      0      0      0      0      0      0      0      0      0      0      0      0      0      2      0      0      0      0      0      0      0      0      0      0      0      0      0      0      0      0      0      0      0      0      0      0     
0x7f1ae3b9d520           UMOV UR5, URZ                                                   1      0      1      35968   1150976   1150976   32     32     0      -             -          -      0         0      0         0         0        0         0         0         -      0      0      0      0      0      0      0      0      0      0      0      0      0      0      0      0      0      0      0      1      0      0      0      0      0      0      0      0      0      0      0      0      0      0      0      0      0      0      0      0      0      0     
0x7f1ae3b9d530           LDGDEPBAR                                                       3      0      3      35968   1150976   1150976   32     32     0      -             -          -      0         0      0         0         0        0         0         0         -      0      0      0      0      0      0      0      0      0      0      0      0      0      0      0      1      0      0      1      1      0      0      0      0      0      0      0      0      0      0      0      0      0      0      0      0      0      0      0      0      0      0     
0x7f1ae3b9d540           ISETP.GE.U32.AND P4, PT, R157, R106, PT                         2      0      2      35968   1150976   1150976   32     32     0      -             -          -      0         0      0         0         0        0         0         0         -      0      0      0      0      0      0      0      0      0      0      0      0      0      0      0      0      0      0      0      2      0      0      0      0      0      0      0      0      0      0      0      0      0      0      0      0      0      0      0      0      0      0     
0x7f1ae3b9d550           IMAD.MOV.U32 R0, RZ, RZ, RZ                                     0      0      0      35968   1150976   1150976   32     32     0      -             -          -      0         0      0         0         0        0         0         0         -      0      0      0      0      0      0      0      0      0      0      0      0      0      0      0      0      0      0      0      0      0      0      0      0      0      0      0      0      0      0      0      0      0      0      0      0      0      0      0      0      0      0     
0x7f1ae3b9d560           ULOP3.LUT UR10, UR4, 0x1000000, URZ, 0xfc, !UPT                 9      0      9      35968   1150976   1150976   32     32     0      -             -          -      0         0      0         0         0        0         0         0         -      0      0      0      0      0      0      0      0      8      0      0      0      0      0      0      0      0      0      0      1      0      0      0      0      0      0      0      0      0      0      0      0      0      0      0      0      0      0      0      0      0      0     
0x7f1ae3b9d570           LDGSTS.E.BYPASS.128 desc[UR12][R4.64], !P0, [R172+0x3000]       1      0      1      35968   1150976   1150976   32     32     0      Global,Shared Load,Store 128    1150976   32     1007104   1150976   143872   575488    1150976   575488           0      0      0      0      0      0      0      0      0      0      0      0      0      0      0      0      0      0      0      1      0      0      0      0      0      0      0      0      0      0      0      0      0      0      0      0      0      0      0      0      0      0     
0x7f1ae3b9d580           IMAD.X R185, RZ, RZ, R185, P6                                   0      0      0      35968   1150976   1150976   32     32     0      -             -          -      0         0      0         0         0        0         0         0         -      0      0      0      0      0      0      0      0      0      0      0      0      0      0      0      0      0      0      0      0      0      0      0      0      0      0      0      0      0      0      0      0      0      0      0      0      0      0      0      0      0      0     
0x7f1ae3b9d590           UIADD3.64 UR14, UR4, UR6, URZ                                   4      0      4      35968   1150976   1150976   32     32     0      -             -          -      0         0      0         0         0        0         0         0         -      0      0      0      0      0      0      0      0      1      0      0      0      0      0      0      0      0      0      0      3      0      0      0      0      0      0      0      0      0      0      0      0      0      0      0      0      0      0      0      0      0      0     
0x7f1ae3b9d5a0           LDGDEPBAR                                                       5      0      5      35968   1150976   1150976   32     32     0      -             -          -      0         0      0         0         0        0         0         0         -      0      0      0      0      0      0      0      0      0      0      0      0      0      0      0      0      0      0      0      1      0      0      0      4      0      0      0      0      0      0      0      0      0      0      0      0      0      0      0      0      0      0     
0x7f1ae3b9d5b0           UMOV UR4, 0xffffffff                                            1      0      1      35968   1150976   1150976   32     32     0      -             -          -      0         0      0         0         0        0         0         0         -      0      0      0      0      0      0      0      0      0      0      0      0      0      0      0      0      0      0      0      1      0      0      0      0      0      0      0      0      0      0      0      0      0      0      0      0      0      0      0      0      0      0     
0x7f1ae3b9d5c0           BAR.SYNC.DEFER_BLOCKING 0x0                                     4      0      4      35968   1150976   1150976   32     32     0      -             -          -      0         0      0         0         0        0         0         0         -      0      0      0      0      0      0      0      0      0      0      0      0      0      0      0      0      0      0      0      4      0      0      0      0      0      0      0      0      0      0      0      0      0      0      0      0      0      0      0      0      0      0     
0x7f1ae3b9d5d0     @!PT  LDS RZ, [RZ]                                                    71     46     71     35968   1150976   0         32     0      0                    Load       32     0         0      0         0         0        0         0         0         -      0      0      0      0      0      0      56     0      0      0      0      0      0      0      0      0      0      0      1      0      0      0      0      14     39     0      0      0      0      0      0      0      0      0      0      0      0      0      0      0      0      7     
0x7f1ae3b9d5e0     @!PT  LDS RZ, [RZ]                                                    5      2      5      35968   1150976   0         32     0      0                    Load       32     0         0      0         0         0        0         0         0         -      0      0      0      0      0      0      0      0      0      0      0      0      0      0      0      3      0      0      0      2      0      0      0      0      0      0      0      0      0      0      0      0      0      2      0      0      0      0      0      0      0      0     
0x7f1ae3b9d5f0     @!PT  LDS RZ, [RZ]                                                    9      4      9      35968   1150976   0         32     0      0                    Load       32     0         0      0         0         0        0         0         0         -      0      0      0      0      0      0      0      0      0      0      0      0      0      0      0      4      0      0      3      2      0      0      0      0      0      0      0      0      0      0      0      0      0      4      0      0      0      0      0      0      0      0     
0x7f1ae3b9d600           LDGSTS.E.64 desc[UR12][R6.64+0x20], !P2, [R11+0x2800]           13     6      13     35968   1150976   1150976   32     32     0      Global,Shared Load,Store 64     272896    7      204320    276256    71936    0         272896    272896           0      0      0      0      0      0      0      0      0      0      0      0      0      0      0      7      0      0      1      5      0      0      0      0      0      0      0      0      0      0      0      0      0      6      0      0      0      0      0      0      0      0     
0x7f1ae3b9d610           LDGSTS.E.64 desc[UR12][R8.64+0x20], !P3, [R11+0x2c00]           11     6      11     35968   1150976   1150976   32     32     0      Global,Shared Load,Store 64     251392    7      188256    260192    71936    0         251392    251392           0      0      0      0      0      0      0      0      1      0      0      0      0      0      0      4      0      0      1      1      0      0      0      4      0      0      0      0      0      0      0      0      0      4      0      0      0      0      0      0      0      2     
0x7f1ae3b9d620           LDGDEPBAR                                                       19     16     19     35968   1150976   1150976   32     32     0      -             -          -      0         0      0         0         0        0         0         0         -      0      0      0      0      0      0      0      0      0      0      0      0      0      0      0      10     0      0      0      1      0      0      0      8      0      0      0      0      0      0      0      0      0      10     0      0      0      0      0      0      0      6     
0x7f1ae3b9d630           LDGSTS.E.BYPASS.128 desc[UR12][R4.64+0x10], !P0, [R172+0x3800]  20     17     20     35968   1150976   1150976   32     32     0      Global,Shared Load,Store 128    1150976   32     1007104   1150976   143872   575488    1150976   575488           0      0      0      0      0      0      0      0      0      0      0      0      0      0      0      11     0      0      2      1      0      0      0      6      0      0      0      0      0      0      0      0      0      11     0      0      0      0      0      0      0      6     
0x7f1ae3b9d640           LDGDEPBAR                                                       34     27     34     35968   1150976   1150976   32     32     0      -             -          -      0         0      0         0         0        0         0         0         -      0      0      0      0      0      0      0      0      2      0      0      0      0      0      0      19     0      0      2      3      0      0      0      8      0      0      0      0      0      0      0      0      0      19     0      0      0      0      0      0      0      8     
0x7f1ae3b9d650           IMAD.X R4, RZ, RZ, R14, P1                                      276    237    276    35968   1150976   1150976   32     32     0      -             -          -      0         0      0         0         0        0         0         0         -      0      0      0      0      0      0      0      0      0      0      0      0      272    0      0      0      0      0      3      1      0      0      0      0      0      0      0      0      0      0      237    0      0      0      0      0      0      0      0      0      0      0     
0x7f1ae3b9d660           IADD3 R186, P1, R186, 0x20, RZ                                  3      0      3      35968   1150976   1150976   32     32     0      -             -          -      0         0      0         0         0        0         0         0         -      0      0      0      0      0      0      0      0      0      0      0      0      0      0      0      0      0      0      0      3      0      0      0      0      0      0      0      0      0      0      0      0      0      0      0      0      0      0      0      0      0      0     
0x7f1ae3b9d670           IMAD.X R14, RZ, RZ, R14, P5                                     2      0      2      35968   1150976   1150976   32     32     0      -             -          -      0         0      0         0         0        0         0         0         -      0      0      0      0      0      0      0      0      0      0      0      0      0      0      0      0      0      0      0      2      0      0      0      0      0      0      0      0      0      0      0      0      0      0      0      0      0      0      0      0      0      0     
0x7f1ae3b9d680           ISETP.GE.U32.AND P5, PT, R171, R106, PT                         4      0      4      35968   1150976   1150976   32     32     0      -             -          -      0         0      0         0         0        0         0         0         -      0      0      0      0      0      0      0      0      0      0      0      0      0      0      0      0      0      0      0      4      0      0      0      0      0      0      0      0      0      0      0      0      0      0      0      0      0      0      0      0      0      0     
0x7f1ae3b9d690           IMAD R199, R4, 0xc0, RZ                                         2      0      2      35968   1150976   1150976   32     32     0      -             -          -      0         0      0         0         0        0         0         0         -      0      0      0      0      0      0      0      0      0      0      0      0      0      0      0      0      0      0      0      2      0      0      0      0      0      0      0      0      0      0      0      0      0      0      0      0      0      0      0      0      0      0     
0x7f1ae3b9d6a0           IMAD R5, R14, 0xc0, RZ                                          0      0      0      35968   1150976   1150976   32     32     0      -             -          -      0         0      0         0         0        0         0         0         -      0      0      0      0      0      0      0      0      0      0      0      0      0      0      0      0      0      0      0      0      0      0      0      0      0      0      0      0      0      0      0      0      0      0      0      0      0      0      0      0      0      0     
0x7f1ae3b9d6b0           IMAD.X R187, RZ, RZ, R16, P1                                    4      3      4      35968   1150976   1150976   32     32     0      -             -          -      0         0      0         0         0        0         0         0         -      0      0      0      0      0      0      0      0      0      0      0      0      0      0      0      0      0      0      0      1      0      0      0      3      0      0      0      0      0      0      0      0      0      0      0      0      0      0      0      0      0      3     
0x7f1ae3b9d6c0           IMAD.IADD R199, R3, 0x1, R199                                   13     3      13     35968   1150976   1150976   32     32     0      -             -          -      0         0      0         0         0        0         0         0         -      0      0      0      0      0      0      0      0      0      0      0      0      0      0      0      0      0      0      1      9      0      0      0      3      0      0      0      0      0      0      0      0      0      0      0      0      0      0      0      0      0      3     
0x7f1ae3b9d6d0           IMAD.IADD R200, R101, 0x1, R5                                   3      2      3      35968   1150976   1150976   32     32     0      -             -          -      0         0      0         0         0        0         0         0         -      0      0      0      0      0      0      0      0      0      0      0      0      0      0      0      0      0      0      0      1      0      0      0      2      0      0      0      0      0      0      0      0      0      0      0      0      0      0      0      0      0      2     
0x7f1ae3b9d6e0           DEPBAR.LE SB0, 0x2                                              6757   3581   6757   6905856 220987392 220987392 32     32     0      -             -          -      0         0      0         0         0        0         0         0         -      0      0      0      0      0      0      0      1297   83     0      0      0      0      0      0      0      0      4503   851    1      0      0      0      22     0      636    5      0      0      0      0      0      0      0      0      2918   0      0      0      0      0      22    
0x7f1ae3b9d6f0           UIADD3 UR4, UR4, 0x1, URZ                                       3833   1985   3833   6905856 220987392 220987392 32     32     0      -             -          -      0         0      0         0         0        0         0         0         -      0      0      0      0      0      0      0      0      39     0      0      0      1591   0      0      0      0      0      503    432    0      0      0      1268   0      0      2      0      0      0      1153   0      0      0      0      0      0      0      0      0      0      830   
0x7f1ae3b9d700           UMOV UR7, 0x8000                                                480    42     480    6905856 220987392 220987392 32     32     0      -             -          -      0         0      0         0         0        0         0         0         -      0      0      0      0      0      0      0      0      0      0      0      0      0      0      0      0      0      55     5      420    0      0      0      0      0      0      0      0      0      0      0      0      0      0      0      42     0      0      0      0      0      0     
0x7f1ae3b9d710           UMOV UR5, 0xc0800000                                            394    0      394    6905856 220987392 220987392 32     32     0      -             -          -      0         0      0         0         0        0         0         0         -      0      0      0      0      0      0      0      0      5      0      0      0      0      0      0      0      0      0      0      389    0      0      0      0      0      0      0      0      0      0      0      0      0      0      0      0      0      0      0      0      0      0     
0x7f1ae3b9d720           UISETP.GT.AND UP0, UPT, UR4, 0x1, UPT                           1126   188    1126   6905856 220987392 220987392 32     32     0      -             -          -      0         0      0         0         0        0         0         0         -      0      0      0      0      0      0      0      0      20     0      0      0      0      2      0      0      0      0      202    468    0      0      0      434    0      0      1      0      0      0      0      0      0      0      0      0      0      0      0      0      0      187   
0x7f1ae3b9d730           IMAD.U32 R14, RZ, RZ, UR7                                       450    0      450    6905856 220987392 220987392 32     32     0      -             -          -      0         0      0         0         0        0         0         0         -      0      0      0      0      0      0      0      0      0      0      0      0      0      0      0      0      0      0      0      450    0      0      0      0      0      0      0      0      0      0      0      0      0      0      0      0      0      0      0      0      0      0     
0x7f1ae3b9d740           UMOV UR6, 0x3f3f3f00                                            442    0      442    6905856 220987392 220987392 32     32     0      -             -          -      0         0      0         0         0        0         0         0         -      0      0      0      0      0      0      0      0      2      0      0      0      0      0      0      0      0      0      0      440    0      0      0      0      0      0      0      0      0      0      0      0      0      0      0      0      0      0      0      0      0      0     
0x7f1ae3b9d750           IMAD.U32 R11, RZ, RZ, UR7                                       426    0      426    6905856 220987392 220987392 32     32     0      -             -          -      0         0      0         0         0        0         0         0         -      0      0      0      0      0      0      0      0      2      0      0      0      0      0      0      0      0      0      0      424    0      0      0      0      0      0      0      0      0      0      0      0      0      0      0      0      0      0      0      0      0      0     
0x7f1ae3b9d760           USEL UR4, UR4, URZ, !UP0                                        460    0      460    6905856 220987392 220987392 32     32     0      -             -          -      0         0      0         0         0        0         0         0         -      0      0      0      0      0      0      0      0      1      0      0      0      0      0      0      0      0      0      0      459    0      0      0      0      0      0      0      0      0      0      0      0      0      0      0      0      0      0      0      0      0      0     
0x7f1ae3b9d770           IMAD.U32 R18, RZ, RZ, UR6                                       396    0      396    6905856 220987392 220987392 32     32     0      -             -          -      0         0      0         0         0        0         0         0         -      0      0      0      0      0      0      0      0      0      0      0      0      0      0      0      0      0      0      0      396    0      0      0      0      0      0      0      0      0      0      0      0      0      0      0      0      0      0      0      0      0      0     
0x7f1ae3b9d780           IMAD.U32 R22, RZ, RZ, UR7                                       1884   427    1884   6905856 220987392 220987392 32     32     0      -             -          -      0         0      0         0         0        0         0         0         -      0      0      0      0      0      0      0      0      371    0      0      0      0      296    0      0      0      28     311    448    0      0      0      430    0      0      186    0      0      0      0      37     0      0      0      9      0      0      0      0      0      195   
0x7f1ae3b9d790           IMAD.U32 R24, RZ, RZ, UR7                                       1724   356    1724   6905856 220987392 220987392 32     32     0      -             -          -      0         0      0         0         0        0         0         0         -      0      0      0      0      0      0      0      0      11     0      0      0      0      428    0      0      0      0      418    413    0      0      0      454    0      0      0      0      0      0      0      100    0      0      0      0      0      0      0      0      0      256   
0x7f1ae3b9d7a0           IMAD.U32 R5, RZ, RZ, UR4                                        994    251    994    6905856 220987392 220987392 32     32     0      -             -          -      0         0      0         0         0        0         0         0         -      0      0      0      0      0      0      0      0      3      0      0      0      0      41     0      0      0      0      56     468    0      0      0      426    0      0      0      0      0      0      0      10     0      0      0      0      0      0      0      0      0      241   
0x7f1ae3b9d7b0           IMAD.U32 R26, RZ, RZ, UR7                                       908    245    908    6905856 220987392 220987392 32     32     0      -             -          -      0         0      0         0         0        0         0         0         -      0      0      0      0      0      0      0      0      6      0      0      0      0      39     0      0      0      0      43     431    0      0      0      389    0      0      1      0      0      0      0      5      0      0      0      0      0      0      0      0      0      239   
0x7f1ae3b9d7c0           IMAD R4, R5, 0x800, R172                                        1085   253    1085   6905856 220987392 220987392 32     32     0      -             -          -      0         0      0         0         0        0         0         0         -      0      0      0      0      0      0      0      0      8      0      0      0      0      98     0      0      0      0      121    416    0      0      0      442    0      0      5      0      0      0      0      19     0      0      0      0      0      0      0      0      0      229   
0x7f1ae3b9d7d0           BAR.SYNC.DEFER_BLOCKING 0x0                                     406    0      406    6905856 220987392 220987392 32     32     0      -             -          -      0         0      0         0         0        0         0         0         -      0      0      0      0      0      0      0      0      11     0      0      0      0      0      0      0      0      0      0      395    0      0      0      0      0      0      0      0      0      0      0      0      0      0      0      0      0      0      0      0      0      0     
0x7f1ae3b9d7e0           IMAD.U32 R25, RZ, RZ, UR7                                       471    0      471    6905856 220987392 220987392 32     32     0      -             -          -      0         0      0         0         0        0         0         0         -      0      0      0      0      0      0      0      0      0      0      0      0      0      0      0      0      0      0      0      471    0      0      0      0      0      0      0      0      0      0      0      0      0      0      0      0      0      0      0      0      0      0     
0x7f1ae3b9d7f0           IMAD.U32 R19, RZ, RZ, UR5                                       966    232    966    6905856 220987392 220987392 32     32     0      -             -          -      0         0      0         0         0        0         0         0         -      0      0      0      0      0      0      0      0      11     0      0      0      0      56     0      0      0      0      81     413    0      0      0      405    0      0      0      0      0      0      0      15     0      0      0      0      0      0      0      0      0      217   
0x7f1ae3b9d800           IMAD.U32 R23, RZ, RZ, UR6                                       1706   305    1706   6905856 220987392 220987392 32     32     0      -             -          -      0         0      0         0         0        0         0         0         -      0      0      0      0      0      0      0      0      3      0      0      0      0      329    0      0      0      1      525    395    0      0      0      453    0      0      0      0      0      0      0      21     0      0      0      0      0      0      0      0      0      284   
0x7f1ae3b9d810           IMAD.U32 R27, RZ, RZ, UR5                                       965    251    965    6905856 220987392 220987392 32     32     0      -             -          -      0         0      0         0         0        0         0         0         -      0      0      0      0      0      0      0      0      7      0      0      0      0      42     0      0      0      0      56     417    0      0      0      443    0      0      3      0      0      0      0      10     0      0      0      0      0      0      0      0      0      238   
0x7f1ae3b9d820           IMAD.U32 R31, RZ, RZ, UR6                                       1020   265    1020   6905856 220987392 220987392 32     32     0      -             -          -      0         0      0         0         0        0         0         0         -      0      0      0      0      0      0      0      0      8      0      0      0      0      80     0      0      0      0      95     426    0      0      0      411    0      0      6      0      0      0      0      12     0      0      0      0      0      0      0      0      0      247   
0x7f1ae3b9d830           IMAD.U32 R37, RZ, RZ, UR7                                       1221   234    1221   6905856 220987392 220987392 32     32     0      -             -          -      0         0      0         0         0        0         0         0         -      0      0      0      0      0      0      0      0      7      0      0      0      0      176    0      0      0      0      206    438    0      0      0      394    0      0      3      0      0      0      0      10     0      0      0      0      0      0      0      0      0      221   
0x7f1ae3b9d840           IMAD.U32 R35, RZ, RZ, UR6                                       986    273    986    6905856 220987392 220987392 32     32     0      -             -          -      0         0      0         0         0        0         0         0         -      0      0      0      0      0      0      0      0      6      0      0      0      0      34     0      0      0      0      33     468    0      0      0      445    0      0      1      0      0      0      0      3      0      0      0      0      0      0      0      0      0      269   
0x7f1ae3b9d850           IMAD.U32 R33, RZ, RZ, UR5                                       1046   269    1046   6905856 220987392 220987392 32     32     0      -             -          -      0         0      0         0         0        0         0         0         -      0      0      0      0      0      0      0      0      13     0      0      0      0      46     0      0      0      0      78     434    0      0      0      475    0      0      2      0      0      0      0      12     0      0      0      0      0      0      0      0      0      255   
0x7f1ae3b9d860           LDS.128 R4, [R4+0x3000]                                         5905   3454   5905   6905856 220987392 220987392 32     32     0      Shared        Load       128    0         4      0         27623424  27623424 0         0         0         -      0      0      0      0      0      0      5024   0      55     0      0      0      0      0      0      33     0      0      335    458    0      0      0      0      3423   0      3      0      0      0      0      0      0      28     0      0      0      0      0      0      0      0     
0x7f1ae3b9d870           LOP3.LUT R8, R4, 0x88888888, RZ, 0xc0, !PT                      47150  20425  47150  6905856 220987392 220987392 32     32     0      -             -          -      0         0      0         0         0        0         0         0         -      0      0      0      0      0      0      0      0      763    0      0      0      0      1450   0      0      0      0      3321   372    40803  0      0      441    0      0      0      0      0      0      0      1108   0      0      0      0      0      0      19113  0      0      204   
0x7f1ae3b9d880           LOP3.LUT R9, R4, 0x77777777, RZ, 0xc0, !PT                      5165   1587   5165   6905856 220987392 220987392 32     32     0      -             -          -      0         0      0         0         0        0         0         0         -      0      0      0      0      0      0      0      0      113    0      0      0      0      2062   0      0      0      0      2135   450    0      0      0      405    0      0      1      0      0      0      0      1308   0      0      0      0      0      0      0      0      0      278   
0x7f1ae3b9d890           IMAD.U32 R4, RZ, RZ, UR5                                        424    0      424    6905856 220987392 220987392 32     32     0      -             -          -      0         0      0         0         0        0         0         0         -      0      0      0      0      0      0      0      0      10     0      0      0      0      0      0      0      0      0      0      414    0      0      0      0      0      0      0      0      0      0      0      0      0      0      0      0      0      0      0      0      0      0     
0x7f1ae3b9d8a0           LOP3.LUT R10, R5, 0x88888888, RZ, 0xc0, !PT                     439    0      439    6905856 220987392 220987392 32     32     0      -             -          -      0         0      0         0         0        0         0         0         -      0      0      0      0      0      0      0      0      1      0      0      0      0      0      0      0      0      0      0      438    0      0      0      0      0      0      0      0      0      0      0      0      0      0      0      0      0      0      0      0      0      0     
0x7f1ae3b9d8b0           LOP3.LUT R12, R5, 0x77777777, RZ, 0xc0, !PT                     1082   173    1082   6905856 220987392 220987392 32     32     0      -             -          -      0         0      0         0         0        0         0         0         -      0      0      0      0      0      0      0      0      8      0      0      0      0      9      0      0      0      0      236    395    0      0      0      434    0      0      0      0      0      0      0      6      0      0      0      0      0      0      0      0      0      167   
0x7f1ae3b9d8c0           LOP3.LUT R15, R6, 0x88888888, RZ, 0xc0, !PT                     930    374    930    6905856 220987392 220987392 32     32     0      -             -          -      0         0      0         0         0        0         0         0         -      0      0      0      0      0      0      0      0      6      0      0      0      0      6      0      0      0      0      53     442    0      0      0      423    0      0      0      0      0      0      0      3      0      0      0      0      0      0      0      0      0      371   
0x7f1ae3b9d8d0           LOP3.LUT R16, R6, 0x77777777, RZ, 0xc0, !PT                     969    319    969    6905856 220987392 220987392 32     32     0      -             -          -      0         0      0         0         0        0         0         0         -      0      0      0      0      0      0      0      0      0      0      0      0      0      6      0      0      0      0      17     434    0      0      0      512    0      0      0      0      0      0      0      4      0      0      0      0      0      0      0      0      0      315   
0x7f1ae3b9d8e0           IMAD.U32 R6, RZ, RZ, UR6                                        480    0      480    6905856 220987392 220987392 32     32     0      -             -          -      0         0      0         0         0        0         0         0         -      0      0      0      0      0      0      0      0      53     0      0      0      0      0      0      0      0      0      0      427    0      0      0      0      0      0      0      0      0      0      0      0      0      0      0      0      0      0      0      0      0      0     
0x7f1ae3b9d8f0           SHF.R.U32.HI R5, RZ, 0x3, R8                                    440    0      440    6905856 220987392 220987392 32     32     0      -             -          -      0         0      0         0         0        0         0         0         -      0      0      0      0      0      0      0      0      0      0      0      0      0      0      0      0      0      0      0      440    0      0      0      0      0      0      0      0      0      0      0      0      0      0      0      0      0      0      0      0      0      0     
0x7f1ae3b9d900           SHF.R.U32.HI R8, RZ, 0x13, R8                                   1005   386    1005   6905856 220987392 220987392 32     32     0      -             -          -      0         0      0         0         0        0         0         0         -      0      0      0      0      0      0      0      0      3      0      0      0      0      45     0      0      0      0      82     446    0      0      0      429    0      0      0      0      0      0      0      41     0      0      0      0      0      0      0      0      0      345   
0x7f1ae3b9d910           LOP3.LUT R20, R7, 0x88888888, RZ, 0xc0, !PT                     923    382    923    6905856 220987392 220987392 32     32     0      -             -          -      0         0      0         0         0        0         0         0         -      0      0      0      0      0      0      0      0      6      0      0      0      0      17     0      0      0      0      32     428    0      0      0      440    0      0      1      0      0      0      0      9      0      0      0      0      0      0      0      0      0      372   
0x7f1ae3b9d920           LOP3.LUT R21, R7, 0x77777777, RZ, 0xc0, !PT                     956    290    956    6905856 220987392 220987392 32     32     0      -             -          -      0         0      0         0         0        0         0         0         -      0      0      0      0      0      0      0      0      9      0      0      0      0      2      0      0      0      0      41     457    0      0      0      447    0      0      1      0      0      0      0      1      0      0      0      0      0      0      0      0      0      288   
0x7f1ae3b9d930           PRMT R7, R14, R5, RZ                                            1062   403    1062   6905856 220987392 220987392 32     32     0      -             -          -      0         0      0         0         0        0         0         0         -      0      0      0      0      0      0      0      0      9      0      0      0      0      0      0      0      0      0      85     496    0      0      0      472    0      0      0      0      0      0      0      0      0      0      0      0      0      0      0      0      0      403   
0x7f1ae3b9d940           IMAD.U32 R14, RZ, RZ, UR5                                       427    0      427    6905856 220987392 220987392 32     32     0      -             -          -      0         0      0         0         0        0         0         0         -      0      0      0      0      0      0      0      0      40     0      0      0      0      0      0      0      0      0      0      387    0      0      0      0      0      0      0      0      0      0      0      0      0      0      0      0      0      0      0      0      0      0     
0x7f1ae3b9d950           PRMT R4, R4, R9, 0xc0804000                                     436    0      436    6905856 220987392 220987392 32     32     0      -             -          -      0         0      0         0         0        0         0         0         -      0      0      0      0      0      0      0      0      1      0      0      0      0      0      0      0      0      0      0      435    0      0      0      0      0      0      0      0      0      0      0      0      0      0      0      0      0      0      0      0      0      0     
0x7f1ae3b9d960           PRMT R6, R6, R9, 0x40404040                                     1145   329    1145   6905856 220987392 220987392 32     32     0      -             -          -      0         0      0         0         0        0         0         0         -      0      0      0      0      0      0      0      0      5      0      0      0      0      7      0      0      0      0      224    405    0      0      0      504    0      0      0      0      0      0      0      3      0      0      0      0      0      0      0      0      0      326   
0x7f1ae3b9d970           SHF.R.U32.HI R9, RZ, 0x10, R9                                   2487   686    2487   6905856 220987392 220987392 32     32     0      -             -          -      0         0      0         0         0        0         0         0         -      0      0      0      0      0      0      0      0      7      0      0      0      0      455    0      0      0      0      1102   475    0      0      0      448    0      0      0      0      0      0      0      402    0      0      0      0      0      0      0      0      0      284   
0x7f1ae3b9d980           PRMT R8, R11, R8, RZ                                            1291   290    1291   6905856 220987392 220987392 32     32     0      -             -          -      0         0      0         0         0        0         0         0         -      0      0      0      0      0      0      0      0      7      0      0      0      0      139    0      0      0      0      147    429    0      0      0      569    0      0      1      0      0      0      0      123    0      0      0      0      0      0      0      0      0      166   
0x7f1ae3b9d990           SHF.R.U32.HI R11, RZ, 0x3, R10                                  983    204    983    6905856 220987392 220987392 32     32     0      -             -          -      0         0      0         0         0        0         0         0         -      0      0      0      0      0      0      0      0      11     0      0      0      0      4      0      0      0      0      38     487    0      0      0      443    0      0      5      0      0      0      0      3      0      0      0      0      0      0      0      0      0      196   
0x7f1ae3b9d9a0           SHF.R.U32.HI R13, RZ, 0x3, R15                                  956    284    956    6905856 220987392 220987392 32     32     0      -             -          -      0         0      0         0         0        0         0         0         -      0      0      0      0      0      0      0      0      3      0      0      0      0      3      0      0      0      0      58     431    0      0      0      461    0      0      0      0      0      0      0      2      0      0      0      0      0      0      0      0      0      282   
0x7f1ae3b9d9b0           PRMT R5, R14, R9, 0xc0804000                                    857    180    857    6905856 220987392 220987392 32     32     0      -             -          -      0         0      0         0         0        0         0         0         -      0      0      0      0      0      0      0      0      2      0      0      0      0      2      0      0      0      0      32     404    0      0      0      417    0      0      0      0      0      0      0      1      0      0      0      0      0      0      0      0      0      179   
0x7f1ae3b9d9c0           PRMT R9, R18, R9, 0x40404040                                    1061   278    1061   6905856 220987392 220987392 32     32     0      -             -          -      0         0      0         0         0        0         0         0         -      0      0      0      0      0      0      0      0      2      0      0      0      0      1      0      0      0      0      233    392    0      0      0      433    0      0      0      0      0      0      0      1      0      0      0      0      0      0      0      0      0      277   
0x7f1ae3b9d9d0           PRMT R14, R22, R11, RZ                                          1518   544    1518   6905856 220987392 220987392 32     32     0      -             -          -      0         0      0         0         0        0         0         0         -      0      0      0      0      0      0      0      0      8      0      0      0      0      312    0      0      0      0      365    421    0      0      0      412    0      0      1      0      0      0      0      269    0      0      0      0      0      0      0      0      0      274   
0x7f1ae3b9d9e0           IMAD.U32 R11, RZ, RZ, UR5                                       495    0      495    6905856 220987392 220987392 32     32     0      -             -          -      0         0      0         0         0        0         0         0         -      0      0      0      0      0      0      0      0      18     0      0      0      0      0      0      0      0      0      0      477    0      0      0      0      0      0      0      0      0      0      0      0      0      0      0      0      0      0      0      0      0      0     
0x7f1ae3b9d9f0           PRMT R18, R24, R13, RZ                                          422    0      422    6905856 220987392 220987392 32     32     0      -             -          -      0         0      0         0         0        0         0         0         -      0      0      0      0      0      0      0      0      1      0      0      0      0      0      0      0      0      0      0      421    0      0      0      0      0      0      0      0      0      0      0      0      0      0      0      0      0      0      0      0      0      0     
0x7f1ae3b9da00           IMAD.U32 R13, RZ, RZ, UR6                                       440    0      440    6905856 220987392 220987392 32     32     0      -             -          -      0         0      0         0         0        0         0         0         -      0      0      0      0      0      0      0      0      19     0      0      0      0      0      0      0      0      0      0      421    0      0      0      0      0      0      0      0      0      0      0      0      0      0      0      0      0      0      0      0      0      0     
0x7f1ae3b9da10           SHF.R.U32.HI R17, RZ, 0x3, R20                                  386    0      386    6905856 220987392 220987392 32     32     0      -             -          -      0         0      0         0         0        0         0         0         -      0      0      0      0      0      0      0      0      0      0      0      0      0      0      0      0      0      1      0      385    0      0      0      0      0      0      0      0      0      0      0      0      0      0      0      0      0      0      0      0      0      0     
0x7f1ae3b9da20           IMAD.U32 R24, RZ, RZ, UR5                                       440    0      440    6905856 220987392 220987392 32     32     0      -             -          -      0         0      0         0         0        0         0         0         -      0      0      0      0      0      0      0      0      23     0      0      0      0      0      0      0      0      0      0      417    0      0      0      0      0      0      0      0      0      0      0      0      0      0      0      0      0      0      0      0      0      0     
0x7f1ae3b9da30           SHF.R.U32.HI R10, RZ, 0x13, R10                                 413    0      413    6905856 220987392 220987392 32     32     0      -             -          -      0         0      0         0         0        0         0         0         -      0      0      0      0      0      0      0      0      0      0      0      0      0      0      0      0      0      0      0      413    0      0      0      0      0      0      0      0      0      0      0      0      0      0      0      0      0      0      0      0      0      0     
0x7f1ae3b9da40           ULEA UR5, UR4, UR9, 0xb                                         437    0      437    6905856 220987392 220987392 32     32     0      -             -          -      0         0      0         0         0        0         0         0         -      0      0      0      0      0      0      0      0      14     0      0      0      0      0      0      0      0      0      0      423    0      0      0      0      0      0      0      0      0      0      0      0      0      0      0      0      0      0      0      0      0      0     
0x7f1ae3b9da50           PRMT R11, R11, R12, 0xc0804000                                  436    0      436    6905856 220987392 220987392 32     32     0      -             -          -      0         0      0         0         0        0         0         0         -      0      0      0      0      0      0      0      0      0      0      0      0      0      0      0      0      0      0      0      436    0      0      0      0      0      0      0      0      0      0      0      0      0      0      0      0      0      0      0      0      0      0     
0x7f1ae3b9da60           PRMT R13, R13, R12, 0x40404040                                  1176   292    1176   6905856 220987392 220987392 32     32     0      -             -          -      0         0      0         0         0        0         0         0         -      0      0      0      0      0      0      0      0      19     0      0      0      0      144    0      0      0      0      168    402    0      0      0      443    0      0      0      0      0      0      0      130    0      0      0      0      0      0      0      0      0      162   
0x7f1ae3b9da70           SHF.R.U32.HI R12, RZ, 0x10, R12                                 1307   377    1307   6905856 220987392 220987392 32     32     0      -             -          -      0         0      0         0         0        0         0         0         -      0      0      0      0      0      0      0      0      10     0      0      0      0      223    0      0      0      0      260    413    0      0      0      401    0      0      6      0      0      0      0      199    0      0      0      0      0      0      0      0      0      172   
0x7f1ae3b9da80           PRMT R29, R26, R17, RZ                                          1049   208    1049   6905856 220987392 220987392 32     32     0      -             -          -      0         0      0         0         0        0         0         0         -      0      0      0      0      0      0      0      0      8      0      0      0      0      16     0      0      0      1      52     497    0      0      0      475    0      0      1      0      0      0      0      14     0      0      0      1      0      0      0      0      0      192   
0x7f1ae3b9da90           IMAD.U32 R26, RZ, RZ, UR6                                       470    0      470    6905856 220987392 220987392 32     32     0      -             -          -      0         0      0         0         0        0         0         0         -      0      0      0      0      0      0      0      0      12     0      0      0      0      0      0      0      0      0      0      458    0      0      0      0      0      0      0      0      0      0      0      0      0      0      0      0      0      0      0      0      0      0     
0x7f1ae3b9daa0           SHF.R.U32.HI R17, RZ, 0x13, R15                                 468    0      468    6905856 220987392 220987392 32     32     0      -             -          -      0         0      0         0         0        0         0         0         -      0      0      0      0      0      0      0      0      0      0      0      0      0      0      0      0      0      0      0      468    0      0      0      0      0      0      0      0      0      0      0      0      0      0      0      0      0      0      0      0      0      0     
0x7f1ae3b9dab0           PRMT R15, R25, R10, RZ                                          991    283    991    6905856 220987392 220987392 32     32     0      -             -          -      0         0      0         0         0        0         0         0         -      0      0      0      0      0      0      0      0      14     0      0      0      0      13     0      0      0      0      77     429    0      0      0      458    0      0      3      0      0      0      0      12     0      0      0      0      0      0      0      0      0      268   
0x7f1ae3b9dac0           PRMT R10, R19, R12, 0xc0804000                                  923    328    923    6905856 220987392 220987392 32     32     0      -             -          -      0         0      0         0         0        0         0         0         -      0      0      0      0      0      0      0      0      9      0      0      0      0      5      0      0      0      0      47     406    0      0      0      456    0      0      1      0      0      0      0      3      0      0      0      0      0      0      0      0      0      324   
0x7f1ae3b9dad0           PRMT R12, R23, R12, 0x40404040                                  984    321    984    6905856 220987392 220987392 32     32     0      -             -          -      0         0      0         0         0        0         0         0         -      0      0      0      0      0      0      0      0      7      0      0      0      0      3      0      0      0      0      78     426    0      0      0      470    0      0      0      0      0      0      0      2      0      0      0      0      0      0      0      0      0      319   
0x7f1ae3b9dae0           PRMT R23, R22, R17, RZ                                          1261   577    1261   6905856 220987392 220987392 32     32     0      -             -          -      0         0      0         0         0        0         0         0         -      0      0      0      0      0      0      0      0      5      0      0      0      0      200    0      0      0      0      211    433    0      0      0      412    0      0      0      0      0      0      0      184    0      0      0      0      0      0      0      0      0      393   
0x7f1ae3b9daf0           IMAD.U32 R17, RZ, RZ, UR6                                       446    0      446    6905856 220987392 220987392 32     32     0      -             -          -      0         0      0         0         0        0         0         0         -      0      0      0      0      0      0      0      0      11     0      0      0      0      0      0      0      0      0      0      435    0      0      0      0      0      0      0      0      0      0      0      0      0      0      0      0      0      0      0      0      0      0     
0x7f1ae3b9db00           PRMT R19, R19, R16, 0xc0804000                                  472    1      472    6905856 220987392 220987392 32     32     0      -             -          -      0         0      0         0         0        0         0         0         -      0      0      0      0      0      0      0      0      0      0      0      0      0      0      0      0      0      1      0      471    0      0      0      0      0      0      0      0      0      0      0      0      0      0      0      1      0      0      0      0      0      0     
0x7f1ae3b9db10           SHF.R.U32.HI R22, RZ, 0x13, R20                                 992    287    992    6905856 220987392 220987392 32     32     0      -             -          -      0         0      0         0         0        0         0         0         -      0      0      0      0      0      0      0      0      4      0      0      0      0      32     0      0      0      0      45     468    0      0      0      443    0      0      0      0      0      0      0      22     0      0      0      0      0      0      0      0      0      265   
0x7f1ae3b9db20           PRMT R17, R17, R16, 0x40404040                                  880    399    880    6905856 220987392 220987392 32     32     0      -             -          -      0         0      0         0         0        0         0         0         -      0      0      0      0      0      0      0      0      10     0      0      0      0      8      0      0      0      0      27     394    0      0      0      441    0      0      3      0      0      0      0      7      0      0      0      0      0      0      0      0      0      389   
0x7f1ae3b9db30           SHF.R.U32.HI R16, RZ, 0x10, R16                                 887    290    887    6905856 220987392 220987392 32     32     0      -             -          -      0         0      0         0         0        0         0         0         -      0      0      0      0      0      0      0      0      2      0      0      0      0      2      0      0      0      0      14     425    0      0      0      444    0      0      0      0      0      0      0      1      0      0      0      0      0      0      0      0      0      289   
0x7f1ae3b9db40           PRMT R25, R24, R21, 0xc0804000                                  884    425    884    6905856 220987392 220987392 32     32     0      -             -          -      0         0      0         0         0        0         0         0         -      0      0      0      0      0      0      0      0      1      0      0      0      0      2      0      0      0      0      14     422    0      0      0      445    0      0      0      0      0      0      0      2      0      0      0      0      0      0      0      0      0      423   
0x7f1ae3b9db50           PRMT R24, R26, R21, 0x40404040                                  1019   339    1019   6905856 220987392 220987392 32     32     0      -             -          -      0         0      0         0         0        0         0         0         -      0      0      0      0      0      0      0      0      3      0      0      0      0      60     0      0      0      0      106    400    0      0      0      450    0      0      0      0      0      0      0      48     0      0      0      0      0      0      0      0      0      291   
0x7f1ae3b9db60           SHF.R.U32.HI R20, RZ, 0x10, R21                                 948    396    948    6905856 220987392 220987392 32     32     0      -             -          -      0         0      0         0         0        0         0         0         -      0      0      0      0      0      0      0      0      2      0      0      0      0      18     0      0      0      0      40     449    0      0      0      439    0      0      0      0      0      0      0      15     0      0      0      0      0      0      0      0      0      381   
0x7f1ae3b9db70           PRMT R21, R27, R16, 0xc0804000                                  923    289    923    6905856 220987392 220987392 32     32     0      -             -          -      0         0      0         0         0        0         0         0         -      0      0      0      0      0      0      0      0      4      0      0      0      0      3      0      0      0      0      27     445    0      0      0      444    0      0      0      0      0      0      0      2      0      0      0      0      0      0      0      0      0      287   
0x7f1ae3b9db80           PRMT R16, R31, R16, 0x40404040                                  908    401    908    6905856 220987392 220987392 32     32     0      -             -          -      0         0      0         0         0        0         0         0         -      0      0      0      0      0      0      0      0      5      0      0      0      0      2      0      0      0      0      19     443    0      0      0      439    0      0      0      0      0      0      0      0      0      0      0      0      0      0      0      0      0      401   
0x7f1ae3b9db90           PRMT R31, R37, R22, RZ                                          917    279    917    6905856 220987392 220987392 32     32     0      -             -          -      0         0      0         0         0        0         0         0         -      0      0      0      0      0      0      0      0      2      0      0      0      0      1      0      0      0      0      38     434    0      0      0      442    0      0      0      0      0      0      0      0      0      0      0      0      0      0      0      0      0      279   
0x7f1ae3b9dba0           PRMT R22, R35, R20, 0x40404040                                  895    390    895    6905856 220987392 220987392 32     32     0      -             -          -      0         0      0         0         0        0         0         0         -      0      0      0      0      0      0      0      0      10     0      0      0      0      1      0      0      0      0      26     429    0      0      0      429    0      0      0      0      0      0      0      0      0      0      0      0      0      0      0      0      0      390   
0x7f1ae3b9dbb0           PRMT R27, R33, R20, 0xc0804000                                  1152   503    1152   6905856 220987392 220987392 32     32     0      -             -          -      0         0      0         0         0        0         0         0         -      0      0      0      0      0      0      0      0      1      0      0      0      0      108    0      0      0      0      139    448    0      0      0      456    0      0      0      0      0      0      0      95     0      0      0      0      0      0      0      0      0      408   
0x7f1ae3b9dbc0           LOP3.LUT R7, R6, R7, RZ, 0xfc, !PT                              1056   410    1056   6905856 220987392 220987392 32     32     0      -             -          -      0         0      0         0         0        0         0         0         -      0      0      0      0      0      0      0      0      6      0      0      0      0      45     0      0      0      0      88     436    0      0      0      481    0      0      0      0      0      0      0      41     0      0      0      0      0      0      0      0      0      369   
0x7f1ae3b9dbd0           LOP3.LUT R8, R9, R8, RZ, 0xfc, !PT                              983    362    983    6905856 220987392 220987392 32     32     0      -             -          -      0         0      0         0         0        0         0         0         -      0      0      0      0      0      0      0      0      1      0      0      0      0      31     0      0      0      0      123    399    0      0      0      429    0      0      0      0      0      0      0      20     0      0      0      0      0      0      0      0      0      342   
0x7f1ae3b9dbe0           LOP3.LUT R14, R13, R14, RZ, 0xfc, !PT                           940    348    940    6905856 220987392 220987392 32     32     0      -             -          -      0         0      0         0         0        0         0         0         -      0      0      0      0      0      0      0      0      6      0      0      0      0      2      0      0      0      0      110    396    0      0      0      426    0      0      0      0      0      0      0      0      0      0      0      0      0      0      0      0      0      348   
0x7f1ae3b9dbf0           LOP3.LUT R6, R17, R18, RZ, 0xfc, !PT                            964    405    964    6905856 220987392 220987392 32     32     0      -             -          -      0         0      0         0         0        0         0         0         -      0      0      0      0      0      0      0      0      6      0      0      0      0      10     0      0      0      0      67     444    0      0      0      437    0      0      0      0      0      0      0      3      0      0      0      0      0      0      0      0      0      402   
0x7f1ae3b9dc00           LDS.U16 R13, [R197+UR5+0x2110]                                  505    31     505    6905856 220987392 220987392 32     32     0      Shared        Load       16     0         1      0         6905856   6905856  0         0         0         -      0      0      0      0      0      0      0      0      9      0      0      0      0      0      0      31     0      0      0      465    0      0      0      0      0      0      0      0      0      0      0      0      0      31     0      0      0      0      0      0      0      0     
0x7f1ae3b9dc10           LOP3.LUT R20, R24, R29, RZ, 0xfc, !PT                           387    0      387    6905856 220987392 220987392 32     32     0      -             -          -      0         0      0         0         0        0         0         0         -      0      0      0      0      0      0      0      0      1      0      0      0      0      0      0      0      0      0      0      386    0      0      0      0      0      0      0      0      0      0      0      0      0      0      0      0      0      0      0      0      0      0     
0x7f1ae3b9dc20           LOP3.LUT R9, R12, R15, RZ, 0xfc, !PT                            2240   846    2240   6905856 220987392 220987392 32     32     0      -             -          -      0         0      0         0         0        0         0         0         -      0      0      0      0      0      0      0      0      10     0      0      0      0      627    0      0      0      0      754    433    0      0      0      416    0      0      0      0      0      0      0      491    0      0      0      0      0      0      0      0      0      355   
0x7f1ae3b9dc30           LOP3.LUT R12, R16, R23, RZ, 0xfc, !PT                           1337   376    1337   6905856 220987392 220987392 32     32     0      -             -          -      0         0      0         0         0        0         0         0         -      0      0      0      0      0      0      0      0      4      0      0      0      0      80     0      0      0      0      400    402    0      0      0      451    0      0      0      0      0      0      0      64     0      0      0      0      0      0      0      0      0      312   
0x7f1ae3b9dc40           LOP3.LUT R30, R22, R31, RZ, 0xfc, !PT                           1051   396    1051   6905856 220987392 220987392 32     32     0      -             -          -      0         0      0         0         0        0         0         0         -      0      0      0      0      0      0      0      0      4      0      0      0      0      52     0      0      0      0      118    436    0      0      0      441    0      0      0      0      0      0      0      45     0      0      0      0      0      0      0      0      0      351   
0x7f1ae3b9dc50           PRMT R15, R4, 0x5140, R7                                        929    358    929    6905856 220987392 220987392 32     32     0      -             -          -      0         0      0         0         0        0         0         0         -      0      0      0      0      0      0      0      0      6      0      0      0      0      8      0      0      0      0      63     412    0      0      0      440    0      0      1      0      0      0      0      4      0      0      0      0      0      0      0      0      0      353   
0x7f1ae3b9dc60           PRMT R17, R11, 0x5140, R14                                      1053   370    1053   6905856 220987392 220987392 32     32     0      -             -          -      0         0      0         0         0        0         0         0         -      0      0      0      0      0      0      0      0      2      0      0      0      0      15     0      0      0      0      179    431    0      0      0      426    0      0      0      0      0      0      0      6      0      0      0      0      0      0      0      0      0      364   
0x7f1ae3b9dc70           PRMT R23, R19, 0x5140, R6                                       1043   388    1043   6905856 220987392 220987392 32     32     0      -             -          -      0         0      0         0         0        0         0         0         -      0      0      0      0      0      0      0      0      8      0      0      0      0      8      0      0      0      0      123    456    0      0      0      448    0      0      0      0      0      0      0      1      0      0      0      0      0      0      0      0      0      387   
0x7f1ae3b9dc80           PRMT R29, R25, 0x5140, R20                                      1741   702    1741   6905856 220987392 220987392 32     32     0      -             -          -      0         0      0         0         0        0         0         0         -      0      0      0      0      0      0      0      0      11     0      0      0      0      364    0      0      0      0      476    460    0      0      0      430    0      0      0      0      0      0      0      301    0      0      0      0      0      0      0      0      0      401   
0x7f1ae3b9dc90           PRMT R4, R4, 0x7362, R7                                         1100   333    1100   6905856 220987392 220987392 32     32     0      -             -          -      0         0      0         0         0        0         0         0         -      0      0      0      0      0      0      0      0      9      0      0      0      0      22     0      0      0      0      177    448    0      0      0      444    0      0      1      0      0      0      0      16     0      0      0      0      0      0      0      0      0      316   
0x7f1ae3b9dca0           PRMT R18, R11, 0x7362, R14                                      970    348    970    6905856 220987392 220987392 32     32     0      -             -          -      0         0      0         0         0        0         0         0         -      0      0      0      0      0      0      0      0      4      0      0      0      0      20     0      0      0      0      105    437    0      0      0      404    0      0      0      0      0      0      0      10     0      0      0      0      0      0      0      0      0      338   
0x7f1ae3b9dcb0           LDS.U16 R7, [R160+UR5+0x2100]                                   452    59     452    6905856 220987392 220987392 32     32     0      Shared        Load       16     0         1      0         6905856   6905856  0         0         0         -      0      0      0      0      0      0      0      0      3      0      0      0      0      0      0      59     0      0      9      381    0      0      0      0      0      0      0      0      0      0      0      0      0      59     0      0      0      0      0      0      0      0     
0x7f1ae3b9dcc0           PRMT R24, R19, 0x7362, R6                                       439    0      439    6905856 220987392 220987392 32     32     0      -             -          -      0         0      0         0         0        0         0         0         -      0      0      0      0      0      0      0      0      2      0      0      0      0      0      0      0      0      0      0      437    0      0      0      0      0      0      0      0      0      0      0      0      0      0      0      0      0      0      0      0      0      0     
0x7f1ae3b9dcd0           PRMT R32, R25, 0x7362, R20                                      1035   325    1035   6905856 220987392 220987392 32     32     0      -             -          -      0         0      0         0         0        0         0         0         -      0      0      0      0      0      0      0      0      14     0      0      0      0      19     0      0      0      0      147    402    0      0      0      453    0      0      0      0      0      0      0      6      0      0      0      0      0      0      0      0      0      319   
0x7f1ae3b9dce0           LDS.U16 R6, [R160+UR5+0x2000]                                   478    34     478    6905856 220987392 220987392 32     32     0      Shared        Load       16     0         1      0         6905856   6905856  0         0         0         -      0      0      0      0      0      0      0      0      3      0      0      0      0      0      0      41     0      0      30     404    0      0      0      0      0      0      0      0      0      0      0      0      0      34     0      0      0      0      0      0      0      0     
0x7f1ae3b9dcf0           PRMT R14, R5, 0x5140, R8                                        446    0      446    6905856 220987392 220987392 32     32     0      -             -          -      0         0      0         0         0        0         0         0         -      0      0      0      0      0      0      0      0      2      0      0      0      0      0      0      0      0      0      0      444    0      0      0      0      0      0      0      0      0      0      0      0      0      0      0      0      0      0      0      0      0      0     
0x7f1ae3b9dd00           PRMT R16, R5, 0x7362, R8                                        1615   542    1615   6905856 220987392 220987392 32     32     0      -             -          -      0         0      0         0         0        0         0         0         -      0      0      0      0      0      0      0      0      31     0      0      0      0      272    0      0      0      0      440    429    0      0      0      443    0      0      0      0      0      0      0      202    0      0      0      0      0      0      0      0      0      340   
0x7f1ae3b9dd10           LDS.U16 R11, [R197+UR5+0x2100]                                  520    86     520    6905856 220987392 220987392 32     32     0      Shared        Load       16     0         1      0         6905856   6905856  0         0         0         -      0      0      0      0      0      0      0      0      3      0      0      0      0      0      0      92     0      0      23     402    0      0      0      0      0      0      0      0      0      0      0      0      0      86     0      0      0      0      0      0      0      0     
0x7f1ae3b9dd20           PRMT R20, R10, 0x5140, R9                                       428    0      428    6905856 220987392 220987392 32     32     0      -             -          -      0         0      0         0         0        0         0         0         -      0      0      0      0      0      0      0      0      3      0      0      0      0      0      0      0      0      0      0      425    0      0      0      0      0      0      0      0      0      0      0      0      0      0      0      0      0      0      0      0      0      0     
0x7f1ae3b9dd30           PRMT R22, R10, 0x7362, R9                                       1032   279    1032   6905856 220987392 220987392 32     32     0      -             -          -      0         0      0         0         0        0         0         0         -      0      0      0      0      0      0      0      0      24     0      0      0      0      31     0      0      0      0      149    425    0      0      0      403    0      0      0      0      0      0      0      29     0      0      0      0      0      0      0      0      0      250   
0x7f1ae3b9dd40           LDS.U16 R8, [R160+UR5+0x2010]                                   619    143    619    6905856 220987392 220987392 32     32     0      Shared        Load       16     0         1      0         6905856   6905856  0         0         0         -      0      0      0      0      0      0      0      0      1      0      0      0      0      0      0      156    0      0      70     392    0      0      0      0      0      0      0      0      0      0      0      0      0      143    0      0      0      0      0      0      0      0     
0x7f1ae3b9dd50           PRMT R26, R21, 0x5140, R12                                      435    0      435    6905856 220987392 220987392 32     32     0      -             -          -      0         0      0         0         0        0         0         0         -      0      0      0      0      0      0      0      0      0      0      0      0      0      0      0      0      0      0      0      435    0      0      0      0      0      0      0      0      0      0      0      0      0      0      0      0      0      0      0      0      0      0     
0x7f1ae3b9dd60           PRMT R28, R21, 0x7362, R12                                      1034   334    1034   6905856 220987392 220987392 32     32     0      -             -          -      0         0      0         0         0        0         0         0         -      0      0      0      0      0      0      0      0      36     0      0      0      0      11     0      0      0      0      119    426    0      0      0      442    0      0      0      0      0      0      0      9      0      0      0      0      0      0      0      0      0      325   
0x7f1ae3b9dd70           LDS.U16 R9, [R160+UR5+0x2110]                                   817    243    817    6905856 220987392 220987392 32     32     0      Shared        Load       16     0         1      0         6905856   6905856  0         0         0         -      0      0      0      0      0      0      0      0      9      0      0      0      0      0      0      256    0      0      68     484    0      0      0      0      0      0      0      0      0      0      0      0      0      243    0      0      0      0      0      0      0      0     
0x7f1ae3b9dd80           PRMT R34, R27, 0x5140, R30                                      425    0      425    6905856 220987392 220987392 32     32     0      -             -          -      0         0      0         0         0        0         0         0         -      0      0      0      0      0      0      0      0      2      0      0      0      0      0      0      0      0      0      0      423    0      0      0      0      0      0      0      0      0      0      0      0      0      0      0      0      0      0      0      0      0      0     
0x7f1ae3b9dd90           SHF.R.U32.HI R5, RZ, 0x10, R15                                  1260   414    1260   6905856 220987392 220987392 32     32     0      -             -          -      0         0      0         0         0        0         0         0         -      0      0      0      0      0      0      0      0      60     0      0      0      0      111    0      0      0      0      274    408    0      0      0      407    0      0      0      0      0      0      0      96     0      0      0      0      0      0      0      0      0      318   
0x7f1ae3b9dda0           LDS.U16 R10, [R197+UR5+0x2000]                                  1050   378    1050   6905856 220987392 220987392 32     32     0      Shared        Load       16     0         1      0         6905856   6905856  0         0         0         -      0      0      0      0      0      0      0      0      50     0      0      0      0      0      0      411    0      0      139    450    0      0      0      0      0      0      0      0      0      0      0      0      0      378    0      0      0      0      0      0      0      0     
0x7f1ae3b9ddb0           SHF.R.U32.HI R19, RZ, 0x10, R17                                 421    0      421    6905856 220987392 220987392 32     32     0      -             -          -      0         0      0         0         0        0         0         0         -      0      0      0      0      0      0      0      0      2      0      0      0      0      0      0      0      0      0      0      419    0      0      0      0      0      0      0      0      0      0      0      0      0      0      0      0      0      0      0      0      0      0     
0x7f1ae3b9ddc0           SHF.R.U32.HI R21, RZ, 0x10, R23                                 1241   326    1241   6905856 220987392 220987392 32     32     0      -             -          -      0         0      0         0         0        0         0         0         -      0      0      0      0      0      0      0      0      89     0      0      0      0      23     0      0      0      0      271    434    0      0      0      424    0      0      0      0      0      0      0      21     0      0      0      0      0      0      0      0      0      305   
0x7f1ae3b9ddd0           LDS.U16 R12, [R197+UR5+0x2010]                                  1066   363    1066   6905856 220987392 220987392 32     32     0      Shared        Load       16     0         1      0         6905856   6905856  0         0         0         -      0      0      0      0      0      0      0      0      56     0      0      0      0      0      0      384    0      0      190    436    0      0      0      0      0      0      0      0      0      0      0      0      0      363    0      0      0      0      0      0      0      0     
0x7f1ae3b9dde0           SHF.R.U32.HI R25, RZ, 0x10, R29                                 418    0      418    6905856 220987392 220987392 32     32     0      -             -          -      0         0      0         0         0        0         0         0         -      0      0      0      0      0      0      0      0      1      0      0      0      0      0      0      0      0      0      0      417    0      0      0      0      0      0      0      0      0      0      0      0      0      0      0      0      0      0      0      0      0      0     
0x7f1ae3b9ddf0           PRMT R30, R27, 0x7362, R30                                      1002   334    1002   6905856 220987392 220987392 32     32     0      -             -          -      0         0      0         0         0        0         0         0         -      0      0      0      0      0      0      0      0      39     0      0      0      0      11     0      0      0      0      149    381    0      0      0      422    0      0      0      0      0      0      0      10     0      0      0      0      0      0      0      0      0      324   
0x7f1ae3b9de00           STS.U16 [R154+UR9], R15                                         1141   507    1141   6905856 220987392 220987392 32     32     0      Shared        Store      16     0         1      0         6905856   6905856  0         0         0         -      0      0      0      0      0      0      0      0      37     0      0      0      0      0      0      543    0      0      163    398    0      0      0      0      0      0      0      0      0      0      0      0      0      507    0      0      0      0      0      0      0      0     
0x7f1ae3b9de10           SHF.R.U32.HI R27, RZ, 0x10, R32                                 413    0      413    6905856 220987392 220987392 32     32     0      -             -          -      0         0      0         0         0        0         0         0         -      0      0      0      0      0      0      0      0      3      0      0      0      0      0      0      0      0      0      0      410    0      0      0      0      0      0      0      0      0      0      0      0      0      0      0      0      0      0      0      0      0      0     
0x7f1ae3b9de20           STS.U16 [R154+UR9+0x400], R17                                   2587   1213   2587   6905856 220987392 220987392 32     32     0      Shared        Store      16     0         1      0         6905856   6905856  0         0         0         -      0      0      0      0      0      0      0      0      59     0      0      0      0      0      0      654    0      0      598    395    0      0      0      881    0      0      1      0      0      0      0      0      0      625    0      0      0      0      0      0      0      587   
0x7f1ae3b9de30           STS.U16 [R154+UR9+0x800], R23                                   2634   1383   2634   6905856 220987392 220987392 32     32     0      Shared        Store      16     0         1      0         6905856   6905856  0         0         0         -      0      0      0      0      0      0      0      0      40     0      0      0      0      0      0      645    0      0      287    450    0      0      0      1212   0      0      0      0      0      0      0      0      0      630    0      0      0      0      0      0      0      753   
0x7f1ae3b9de40           SHF.R.U32.HI R15, RZ, 0x10, R4                                  15111  9847   15111  6905856 220987392 220987392 32     32     0      -             -          -      0         0      0         0         0        0         0         0         -      0      0      0      0      0      0      0      0      84     0      0      0      0      519    0      0      0      0      849    436    12823  0      0      400    0      0      0      0      0      0      0      392    0      0      0      0      0      0      9241   0      0      214   
0x7f1ae3b9de50           STS.U16 [R154+UR9+0xc00], R29                                   1352   691    1352   6905856 220987392 220987392 32     32     0      Shared        Store      16     0         1      0         6905856   6905856  0         0         0         -      0      0      0      0      0      0      0      0      13     0      0      0      0      0      0      322    0      0      143    454    0      0      0      420    0      0      0      0      0      0      0      0      0      320    0      0      0      0      0      0      0      371   
0x7f1ae3b9de60           SHF.R.U32.HI R17, RZ, 0x10, R18                                 435    0      435    6905856 220987392 220987392 32     32     0      -             -          -      0         0      0         0         0        0         0         0         -      0      0      0      0      0      0      0      0      4      0      0      0      0      0      0      0      0      0      0      431    0      0      0      0      0      0      0      0      0      0      0      0      0      0      0      0      0      0      0      0      0      0     
0x7f1ae3b9de70           STS.U16 [R188+UR9+0x80], R5                                     1562   667    1562   6905856 220987392 220987392 32     32     0      Shared        Store      16     0         1      0         6905856   6905856  0         0         0         -      0      0      0      0      0      0      0      0      3      0      0      0      0      0      0      86     0      0      191    421    0      0      0      861    0      0      0      0      0      0      0      0      0      82     0      0      0      0      0      0      0      585   
0x7f1ae3b9de80           SHF.R.U32.HI R23, RZ, 0x10, R24                                 394    0      394    6905856 220987392 220987392 32     32     0      -             -          -      0         0      0         0         0        0         0         0         -      0      0      0      0      0      0      0      0      0      0      0      0      0      0      0      0      0      0      0      394    0      0      0      0      0      0      0      0      0      0      0      0      0      0      0      0      0      0      0      0      0      0     
0x7f1ae3b9de90           STS.U16 [R188+UR9+0x480], R19                                   1466   706    1466   6905856 220987392 220987392 32     32     0      Shared        Store      16     0         1      0         6905856   6905856  0         0         0         -      0      0      0      0      0      0      0      0      5      0      0      0      0      0      0      129    0      0      99     399    0      0      0      834    0      0      0      0      0      0      0      0      0      123    0      0      0      0      0      0      0      583   
0x7f1ae3b9dea0           STS.U16 [R188+UR9+0x880], R21                                   1897   1001   1897   6905856 220987392 220987392 32     32     0      Shared        Store      16     0         1      0         6905856   6905856  0         0         0         -      0      0      0      0      0      0      0      0      9      0      0      0      0      0      0      135    0      0      63     405    0      0      0      1285   0      0      0      0      0      0      0      0      0      122    0      0      0      0      0      0      0      879   
0x7f1ae3b9deb0           SHF.R.U32.HI R5, RZ, 0x10, R14                                  6478   4643   6478   6905856 220987392 220987392 32     32     0      -             -          -      0         0      0         0         0        0         0         0         -      0      0      0      0      0      0      0      0      54     0      0      0      0      237    0      0      0      0      264    464    5459   0      0      0      0      0      2      0      0      0      0      201    0      0      0      0      0      0      4440   0      0      0     
0x7f1ae3b9dec0           STS.U16 [R188+UR9+0xc80], R25                                   2349   762    2349   6905856 220987392 220987392 32     32     0      Shared        Store      16     0         1      0         6905856   6905856  0         0         0         -      0      0      0      0      0      0      0      0      13     0      0      0      0      0      0      94     0      0      941    440    0      0      0      861    0      0      6      0      0      0      0      0      0      92     0      0      0      0      0      0      0      664   
0x7f1ae3b9ded0           SHF.R.U32.HI R19, RZ, 0x10, R20                                 1389   745    1389   6905856 220987392 220987392 32     32     0      -             -          -      0         0      0         0         0        0         0         0         -      0      0      0      0      0      0      0      0      6      0      0      0      0      61     0      0      0      0      86     436    800    0      0      0      0      0      0      0      0      0      0      52     0      0      0      0      0      0      693    0      0      0     
0x7f1ae3b9dee0           STS.U16 [R189+UR9+0x100], R4                                    1571   759    1571   6905856 220987392 220987392 32     32     0      Shared        Store      16     0         1      0         6905856   6905856  0         0         0         -      0      0      0      0      0      0      0      0      6      0      0      0      0      0      0      118    0      0      137    437    0      0      0      873    0      0      3      0      0      0      0      0      0      107    0      0      0      0      0      0      0      649   
0x7f1ae3b9def0           SHF.R.U32.HI R21, RZ, 0x10, R26                                 1334   727    1334   6905856 220987392 220987392 32     32     0      -             -          -      0         0      0         0         0        0         0         0         -      0      0      0      0      0      0      0      0      6      0      0      0      0      63     0      0      0      0      66     427    772    0      0      0      0      0      1      0      0      0      0      59     0      0      0      0      0      0      667    0      0      0     
0x7f1ae3b9df00           STS.U16 [R189+UR9+0x500], R18                                   1870   1027   1870   6905856 220987392 220987392 32     32     0      Shared        Store      16     0         1      0         6905856   6905856  0         0         0         -      0      0      0      0      0      0      0      0      5      0      0      0      0      0      0      393    0      0      204    427    0      0      0      841    0      0      4      0      0      0      0      0      0      385    0      0      0      0      0      0      0      638   
0x7f1ae3b9df10           SHF.R.U32.HI R25, RZ, 0x10, R34                                 4630   3048   4630   6905856 220987392 220987392 32     32     0      -             -          -      0         0      0         0         0        0         0         0         -      0      0      0      0      0      0      0      0      20     0      0      0      0      496    0      0      0      0      546    445    3123   0      0      0      0      0      2      0      0      0      0      470    0      0      0      0      0      0      2576   0      0      0     
0x7f1ae3b9df20           STS.U16 [R189+UR9+0x900], R24                                   1680   751    1680   6905856 220987392 220987392 32     32     0      Shared        Store      16     0         1      0         6905856   6905856  0         0         0         -      0      0      0      0      0      0      0      0      7      0      0      0      0      0      0      36     0      0      275    425    0      0      0      937    0      0      3      0      0      0      0      0      0      31     0      0      0      0      0      0      0      717   
0x7f1ae3b9df30           STS.U16 [R189+UR9+0xd00], R32                                   1865   959    1865   6905856 220987392 220987392 32     32     0      Shared        Store      16     0         1      0         6905856   6905856  0         0         0         -      0      0      0      0      0      0      0      0      10     0      0      0      0      0      0      27     0      0      49     437    0      0      0      1342   0      0      0      0      0      0      0      0      0      25     0      0      0      0      0      0      0      934   
0x7f1ae3b9df40           STS.U16 [R190+UR9+0x180], R15                                   1830   881    1830   6905856 220987392 220987392 32     32     0      Shared        Store      16     0         1      0         6905856   6905856  0         0         0         -      0      0      0      0      0      0      0      0      16     0      0      0      0      0      0      60     0      0      68     438    0      0      0      1248   0      0      2      0      0      0      0      0      0      55     0      0      0      0      0      0      0      824   
0x7f1ae3b9df50           STS.U16 [R190+UR9+0x580], R17                                   1937   930    1937   6905856 220987392 220987392 32     32     0      Shared        Store      16     0         1      0         6905856   6905856  0         0         0         -      0      0      0      0      0      0      0      0      16     0      0      0      0      0      0      110    0      0      81     452    0      0      0      1278   0      0      7      0      0      0      0      0      0      106    0      0      0      0      0      0      0      817   
0x7f1ae3b9df60           STS.U16 [R190+UR9+0x980], R23                                   1926   955    1926   6905856 220987392 220987392 32     32     0      Shared        Store      16     0         1      0         6905856   6905856  0         0         0         -      0      0      0      0      0      0      0      0      16     0      0      0      0      0      0      134    0      0      72     424    0      0      0      1280   0      0      0      0      0      0      0      0      0      122    0      0      0      0      0      0      0      833   
0x7f1ae3b9df70           SHF.R.U32.HI R15, RZ, 0x10, R16                                 9176   6063   9176   6905856 220987392 220987392 32     32     0      -             -          -      0         0      0         0         0        0         0         0         -      0      0      0      0      0      0      0      0      22     0      0      0      0      573    0      0      0      0      630    401    7550   0      0      0      0      0      3      0      0      0      0      468    0      0      0      0      0      0      5592   0      0      0     
0x7f1ae3b9df80           STS.U16 [R190+UR9+0xd80], R27                                   1516   707    1516   6905856 220987392 220987392 32     32     0      Shared        Store      16     0         1      0         6905856   6905856  0         0         0         -      0      0      0      0      0      0      0      0      11     0      0      0      0      0      0      81     0      0      135    412    0      0      0      877    0      0      4      0      0      0      0      0      0      66     0      0      0      0      0      0      0      637   
0x7f1ae3b9df90           SHF.R.U32.HI R17, RZ, 0x10, R22                                 1687   809    1687   6905856 220987392 220987392 32     32     0      -             -          -      0         0      0         0         0        0         0         0         -      0      0      0      0      0      0      0      0      5      0      0      0      0      208    0      0      0      0      215    434    825    0      0      0      0      0      0      0      0      0      0      154    0      0      0      0      0      0      655    0      0      0     
0x7f1ae3b9dfa0           STS.U16 [R191+UR9+0x200], R14                                   1503   621    1503   6905856 220987392 220987392 32     32     0      Shared        Store      16     0         1      0         6905856   6905856  0         0         0         -      0      0      0      0      0      0      0      0      13     0      0      0      0      0      0      77     0      0      174    416    0      0      0      823    0      0      6      0      0      0      0      0      0      68     0      0      0      0      0      0      0      547   
0x7f1ae3b9dfb0           SHF.R.U32.HI R23, RZ, 0x10, R28                                 1662   870    1662   6905856 220987392 220987392 32     32     0      -             -          -      0         0      0         0         0        0         0         0         -      0      0      0      0      0      0      0      0      4      0      0      0      0      198    0      0      0      0      155    427    878    0      0      0      0      0      0      0      0      0      0      149    0      0      0      0      0      0      721    0      0      0     
0x7f1ae3b9dfc0           STS.U16 [R191+UR9+0x600], R20                                   1535   723    1535   6905856 220987392 220987392 32     32     0      Shared        Store      16     0         1      0         6905856   6905856  0         0         0         -      0      0      0      0      0      0      0      0      11     0      0      0      0      0      0      101    0      0      173    415    0      0      0      835    0      0      4      0      0      0      0      0      0      95     0      0      0      0      0      0      0      624   
0x7f1ae3b9dfd0           SHF.R.U32.HI R27, RZ, 0x10, R30                                 4479   2819   4479   6905856 220987392 220987392 32     32     0      -             -          -      0         0      0         0         0        0         0         0         -      0      0      0      0      0      0      0      0      31     0      0      0      0      291    0      0      0      0      368    424    3365   0      0      0      0      0      6      0      0      0      0      231    0      0      0      0      0      0      2582   0      0      0     
0x7f1ae3b9dfe0           STS.U16 [R191+UR9+0xa00], R26                                   1643   703    1643   6905856 220987392 220987392 32     32     0      Shared        Store      16     0         1      0         6905856   6905856  0         0         0         -      0      0      0      0      0      0      0      0      9      0      0      0      0      0      0      64     0      0      227    423    0      0      0      920    0      0      4      0      0      0      0      0      0      58     0      0      0      0      0      0      0      641   
0x7f1ae3b9dff0           STS.U16 [R191+UR9+0xe00], R34                                   1905   979    1905   6905856 220987392 220987392 32     32     0      Shared        Store      16     0         1      0         6905856   6905856  0         0         0         -      0      0      0      0      0      0      0      0      6      0      0      0      0      0      0      49     0      0      130    398    0      0      0      1322   0      0      3      0      0      0      0      0      0      47     0      0      0      0      0      0      0      929   
0x7f1ae3b9e000           STS.U16 [R192+UR9+0x280], R5                                    1921   935    1921   6905856 220987392 220987392 32     32     0      Shared        Store      16     0         1      0         6905856   6905856  0         0         0         -      0      0      0      0      0      0      0      0      11     0      0      0      0      0      0      76     0      0      56     468    0      0      0      1310   0      0      1      0      0      0      0      0      0      65     0      0      0      0      0      0      0      869   
0x7f1ae3b9e010           STS.U16 [R192+UR9+0x680], R19                                   1986   960    1986   6905856 220987392 220987392 32     32     0      Shared        Store      16     0         1      0         6905856   6905856  0         0         0         -      0      0      0      0      0      0      0      0      10     0      0      0      0      0      0      117    0      0      183    425    0      0      0      1251   0      0      3      0      0      0      0      0      0      113    0      0      0      0      0      0      0      844   
0x7f1ae3b9e020           STS.U16 [R192+UR9+0xa80], R21                                   2010   1007   2010   6905856 220987392 220987392 32     32     0      Shared        Store      16     0         1      0         6905856   6905856  0         0         0         -      0      0      0      0      0      0      0      0      8      0      0      0      0      0      0      177    0      0      129    417    0      0      0      1279   0      0      0      0      0      0      0      0      0      172    0      0      0      0      0      0      0      835   
0x7f1ae3b9e030           STS.U16 [R192+UR9+0xe80], R25                                   1941   926    1941   6905856 220987392 220987392 32     32     0      Shared        Store      16     0         1      0         6905856   6905856  0         0         0         -      0      0      0      0      0      0      0      0      12     0      0      0      0      0      0      156    0      0      104    422    0      0      0      1247   0      0      0      0      0      0      0      0      0      148    0      0      0      0      0      0      0      778   
0x7f1ae3b9e040           STS.U16 [R193+UR9+0x300], R16                                   1935   971    1935   6905856 220987392 220987392 32     32     0      Shared        Store      16     0         1      0         6905856   6905856  0         0         0         -      0      0      0      0      0      0      0      0      13     0      0      0      0      0      0      151    0      0      101    418    0      0      0      1252   0      0      2      0      0      0      0      0      0      135    0      0      0      0      0      0      0      834   
0x7f1ae3b9e050           IMAD.MOV.U32 R21, RZ, RZ, 0x3f800000                            12135  8828   12135  6905856 220987392 220987392 32     32     0      -             -          -      0         0      0         0         0        0         0         0         -      0      0      0      0      0      0      0      0      20     0      0      0      0      123    0      0      0      0      200    412    11380  0      0      0      0      0      1      0      0      0      0      25     0      0      0      0      0      0      8802   0      0      0     
0x7f1ae3b9e060           STS.U16 [R193+UR9+0x700], R22                                   1670   806    1670   6905856 220987392 220987392 32     32     0      Shared        Store      16     0         1      0         6905856   6905856  0         0         0         -      0      0      0      0      0      0      0      0      15     0      0      0      0      0      0      142    0      0      214    447    0      0      0      852    0      0      8      0      0      0      0      0      0      125    0      0      0      0      0      0      0      673   
0x7f1ae3b9e070           STS.U16 [R193+UR9+0xb00], R28                                   1912   1097   1912   6905856 220987392 220987392 32     32     0      Shared        Store      16     0         1      0         6905856   6905856  0         0         0         -      0      0      0      0      0      0      0      0      6      0      0      0      0      0      0      75     0      0      75     424    0      0      0      1332   0      0      1      0      0      0      0      0      0      70     0      0      0      0      0      0      0      1026  
0x7f1ae3b9e080           STS.U16 [R193+UR9+0xf00], R30                                   1987   1153   1987   6905856 220987392 220987392 32     32     0      Shared        Store      16     0         1      0         6905856   6905856  0         0         0         -      0      0      0      0      0      0      0      0      11     0      0      0      0      0      0      85     0      0      105    440    0      0      0      1346   0      0      2      0      0      0      0      0      0      79     0      0      0      0      0      0      0      1072  
0x7f1ae3b9e090           STS.U16 [R194+UR9+0x380], R15                                   1937   1147   1937   6905856 220987392 220987392 32     32     0      Shared        Store      16     0         1      0         6905856   6905856  0         0         0         -      0      0      0      0      0      0      0      0      12     0      0      0      0      0      0      111    0      0      93     436    0      0      0      1285   0      0      1      0      0      0      0      0      0      102    0      0      0      0      0      0      0      1044  
0x7f1ae3b9e0a0           STS.U16 [R194+UR9+0x780], R17                                   1974   1146   1974   6905856 220987392 220987392 32     32     0      Shared        Store      16     0         1      0         6905856   6905856  0         0         0         -      0      0      0      0      0      0      0      0      14     0      0      0      0      0      0      142    0      0      101    432    0      0      0      1285   0      0      3      0      0      0      0      0      0      126    0      0      0      0      0      0      0      1017  
0x7f1ae3b9e0b0           STS.U16 [R194+UR9+0xb80], R23                                   1963   1086   1963   6905856 220987392 220987392 32     32     0      Shared        Store      16     0         1      0         6905856   6905856  0         0         0         -      0      0      0      0      0      0      0      0      26     0      0      0      0      0      0      122    0      0      107    424    0      0      0      1284   0      0      5      0      0      0      0      0      0      109    0      0      0      0      0      0      0      972   
0x7f1ae3b9e0c0           STS.U16 [R194+UR9+0xf80], R27                                   2007   1129   2007   6905856 220987392 220987392 32     32     0      Shared        Store      16     0         1      0         6905856   6905856  0         0         0         -      0      0      0      0      0      0      0      0      19     0      0      0      0      0      0      175    0      0      119    440    0      0      0      1254   0      0      1      0      0      0      0      0      0      159    0      0      0      0      0      0      0      969   
0x7f1ae3b9e0d0     @!PT  LDS RZ, [RZ]                                                    1648   1088   1648   6905856 220987392 0         32     0      0                    Load       32     0         0      0         0         0        0         0         0         -      0      0      0      0      0      0      0      0      11     0      0      0      0      0      0      1152   0      0      53     432    0      0      0      0      0      0      0      0      0      0      0      0      0      1088   0      0      0      0      0      0      0      0     
0x7f1ae3b9e0e0     @!PT  LDS RZ, [RZ]                                                    2650   2021   2650   6905856 220987392 0         32     0      0                    Load       32     0         0      0         0         0        0         0         0         -      0      0      0      0      0      0      0      0      19     0      0      0      0      0      0      2146   0      0      55     430    0      0      0      0      0      0      0      0      0      0      0      0      0      2021   0      0      0      0      0      0      0      0     
0x7f1ae3b9e0f0     @!PT  LDS RZ, [RZ]                                                    2271   1608   2271   6905856 220987392 0         32     0      0                    Load       32     0         0      0         0         0        0         0         0         -      0      0      0      0      0      0      0      0      8      0      0      0      0      0      0      1756   0      0      115    392    0      0      0      0      0      0      0      0      0      0      0      0      0      1608   0      0      0      0      0      0      0      0     
0x7f1ae3b9e100     @!PT  LDS RZ, [RZ]                                                    2814   1947   2814   6905856 220987392 0         32     0      0                    Load       32     0         0      0         0         0        0         0         0         -      0      0      0      0      0      0      0      0      15     0      0      0      0      0      0      2309   0      0      59     431    0      0      0      0      0      0      0      0      0      0      0      0      0      1947   0      0      0      0      0      0      0      0     
0x7f1ae3b9e110           MEMBAR.ALL.CTA                                                  3170   2241   3170   6905856 220987392 220987392 32     32     0      -             -          -      0         0      0         0         0        0         0         0         -      0      0      0      0      0      0      0      0      19     0      0      0      0      0      0      2637   0      0      79     435    0      0      0      0      0      0      2      0      0      0      0      0      0      2239   0      0      0      0      0      0      0      0     
0x7f1ae3b9e120           FENCE.VIEW.ASYNC.S                                              28628  22763  28628  6905856 220987392 220987392 32     32     0      -             -          -      0         0      0         0         0        0         0         0         -      0      0      0      0      0      0      0      0      50     0      0      0      25759  0      0      23     0      0      206    424    0      0      0      2166   0      0      2      0      0      0      21126  0      0      17     0      0      0      0      0      0      0      1618  
0x7f1ae3b9e130           BAR.SYNC.DEFER_BLOCKING 0x0                                     26563  20353  26563  6905856 220987392 220987392 32     32     0      -             -          -      0         0      0         0         0        0         0         0         -      0      0      0      0      0      0      0      0      72     0      0      0      25316  0      0      0      0      0      301    444    0      0      0      430    0      0      4      0      0      0      20006  0      0      0      0      0      0      0      0      0      0      343   
0x7f1ae3b9e140           SHF.R.U64 R19, R181, 0x5, R182                                  389    0      389    6905856 220987392 220987392 32     32     0      -             -          -      0         0      0         0         0        0         0         0         -      0      0      0      0      0      0      0      0      2      0      0      0      0      0      0      0      0      0      0      387    0      0      0      0      0      0      0      0      0      0      0      0      0      0      0      0      0      0      0      0      0      0     
0x7f1ae3b9e150           LOP3.LUT R19, R19, 0xfffffffc, RZ, 0xc0, !PT                    2688   1340   2688   6905856 220987392 220987392 32     32     0      -             -          -      0         0      0         0         0        0         0         0         -      0      0      0      0      0      0      0      0      15     0      0      0      0      440    0      0      0      0      464    412    0      0      0      1357   0      0      0      0      0      0      0      284    0      0      0      0      0      0      0      0      0      1056  
0x7f1ae3b9e160           IADD3 R4, P1, R19, R2, RZ                                       2259   1157   2259   6905856 220987392 220987392 32     32     0      -             -          -      0         0      0         0         0        0         0         0         -      0      0      0      0      0      0      0      0      7      0      0      0      0      210    0      0      0      0      202    398    0      0      0      1442   0      0      1      0      0      0      0      119    0      0      0      0      0      0      0      0      0      1037  
0x7f1ae3b9e170     @!P0  LDG.E R21, desc[UR12][R162.64]                                  7422   4835   7422   6905856 220987392 220987392 32     32     0      Global        Load       32     220987392 0      0         0         0        193363968 220987392 27623424         0      0      0      0      0      0      6725   0      83     0      0      0      0      0      0      1      0      0      224    389    0      0      0      0      4830   0      4      0      0      0      0      0      0      1      0      0      0      0      0      0      0      0     
0x7f1ae3b9e180           SHF.R.U32.HI R16, RZ, 0x5, R182                                 424    0      424    6905856 220987392 220987392 32     32     0      -             -          -      0         0      0         0         0        0         0         0         -      0      0      0      0      0      0      0      0      4      0      0      0      0      0      0      0      0      0      0      420    0      0      0      0      0      0      0      0      0      0      0      0      0      0      0      0      0      0      0      0      0      0     
0x7f1ae3b9e190           IMAD.MOV.U32 R201, RZ, RZ, 0x3f800000                           440    0      440    6905856 220987392 220987392 32     32     0      -             -          -      0         0      0         0         0        0         0         0         -      0      0      0      0      0      0      0      0      37     0      0      0      0      0      0      0      0      0      0      403    0      0      0      0      0      0      0      0      0      0      0      0      0      0      0      0      0      0      0      0      0      0     
0x7f1ae3b9e1a0           LOP3.LUT R16, R16, 0x7ffffff, RZ, 0xc0, !PT                     2249   942    2249   6905856 220987392 220987392 32     32     0      -             -          -      0         0      0         0         0        0         0         0         -      0      0      0      0      0      0      0      0      54     0      0      0      0      438    0      0      0      0      406    419    0      0      0      932    0      0      46     0      0      0      0      303    0      0      0      0      0      0      0      0      0      593   
0x7f1ae3b9e1b0           IMAD.X R5, R16, 0x1, R199, P1                                   2662   1553   2662   6905856 220987392 220987392 32     32     0      -             -          -      0         0      0         0         0        0         0         0         -      0      0      0      0      0      0      0      0      201    0      0      0      0      67     0      0      0      0      104    426    0      0      0      1864   0      0      153    0      0      0      0      16     0      0      0      0      0      0      0      0      0      1384  
0x7f1ae3b9e1c0           F2FP.F16.E4M3.UNPACK_B R7, R7                                   425    0      425    6905856 220987392 220987392 32     32     0      -             -          -      0         0      0         0         0        0         0         0         -      0      0      0      0      0      0      0      0      1      0      0      0      0      0      0      0      0      0      0      424    0      0      0      0      0      0      0      0      0      0      0      0      0      0      0      0      0      0      0      0      0      0     
0x7f1ae3b9e1d0           F2F.BF16.F16 R89, R7                                            2131   1255   2131   6905856 220987392 220987392 32     32     0      -             -          -      0         0      0         0         0        0         0         0         -      0      0      0      0      0      0      0      0      250    0      0      0      0      0      0      20     0      0      119    395    0      0      0      1347   0      0      187    0      0      0      0      0      0      18     0      0      0      0      0      0      0      1050  
0x7f1ae3b9e1e0     @!P4  LDG.E R201, desc[UR12][R4.64]                                   466    2      466    6905856 220987392 203636736 32     29     0      Global        Load       32     50909184  0      0         0         0        25399296  50909184  25509888         0      0      0      0      0      0      0      0      50     0      0      0      0      0      0      3      0      0      1      412    0      0      0      0      0      0      0      0      0      0      0      0      0      2      0      0      0      0      0      0      0      0     
0x7f1ae3b9e1f0           IMAD.MOV.U32 R202, RZ, RZ, 0x3f800000                           489    0      489    6905856 220987392 220987392 32     32     0      -             -          -      0         0      0         0         0        0         0         0         -      0      0      0      0      0      0      0      0      63     0      0      0      0      0      0      0      0      0      0      426    0      0      0      0      0      0      0      0      0      0      0      0      0      0      0      0      0      0      0      0      0      0     
0x7f1ae3b9e200           F2FP.F16.E4M3.UNPACK_B R8, R8                                   441    0      441    6905856 220987392 220987392 32     32     0      -             -          -      0         0      0         0         0        0         0         0         -      0      0      0      0      0      0      0      0      0      0      0      0      0      0      0      0      0      0      0      441    0      0      0      0      0      0      0      0      0      0      0      0      0      0      0      0      0      0      0      0      0      0     
0x7f1ae3b9e210           F2FP.F16.E4M3.UNPACK_B R9, R9                                   1204   263    1204   6905856 220987392 220987392 32     32     0      -             -          -      0         0      0         0         0        0         0         0         -      0      0      0      0      0      0      0      0      7      0      0      0      0      33     0      0      0      0      262    428    0      0      0      474    0      0      1      0      0      0      0      21     0      0      0      0      0      0      0      0      0      241   
0x7f1ae3b9e220           F2F.BF16.F16 R14, R7.H1                                         2796   1615   2796   6905856 220987392 220987392 32     32     0      -             -          -      0         0      0         0         0        0         0         0         -      0      0      0      0      0      0      0      0      47     0      0      0      0      0      0      793    0      0      478    436    0      0      0      1042   0      0      0      0      0      0      0      0      0      789    0      0      0      0      0      0      0      826   
0x7f1ae3b9e230           F2FP.F16.E4M3.UNPACK_B R5, R6                                   7139   4031   7139   6905856 220987392 220987392 32     32     0      -             -          -      0         0      0         0         0        0         0         0         -      0      0      0      0      0      0      0      0      118    0      0      0      5555   302    0      0      0      0      777    387    0      0      0      0      0      0      21     0      0      0      3804   206    0      0      0      0      0      0      0      0      0      0     
0x7f1ae3b9e240           IADD3 R6, P1, R19, R100, RZ                                     1111   405    1111   6905856 220987392 220987392 32     32     0      -             -          -      0         0      0         0         0        0         0         0         -      0      0      0      0      0      0      0      0      17     0      0      0      0      33     0      0      0      0      112    439    0      0      0      510    0      0      0      0      0      0      0      16     0      0      0      0      0      0      0      0      0      389   
0x7f1ae3b9e250           F2FP.F16.E4M3.UNPACK_B R10, R10                                 986    324    986    6905856 220987392 220987392 32     32     0      -             -          -      0         0      0         0         0        0         0         0         -      0      0      0      0      0      0      0      0      9      0      0      0      0      6      0      0      0      0      108    439    0      0      0      424    0      0      5      0      0      0      0      4      0      0      0      0      0      0      0      0      0      315   
0x7f1ae3b9e260           F2F.BF16.F16 R88, R5                                            2028   1066   2028   6905856 220987392 220987392 32     32     0      -             -          -      0         0      0         0         0        0         0         0         -      0      0      0      0      0      0      0      0      177    0      0      0      0      0      0      177    0      0      231    445    0      0      0      998    0      0      163    0      0      0      0      0      0      126    0      0      0      0      0      0      0      777   
0x7f1ae3b9e270           IMAD.X R7, R16, 0x1, R200, P1                                   693    233    693    6905856 220987392 220987392 32     32     0      -             -          -      0         0      0         0         0        0         0         0         -      0      0      0      0      0      0      0      0      52     0      0      0      0      10     0      0      0      0      34     403    194    0      0      0      0      0      47     0      0      0      0      6      0      0      0      0      0      0      180    0      0      0     
0x7f1ae3b9e280           F2FP.F16.E4M3.UNPACK_B R11, R11                                 556    0      556    6905856 220987392 220987392 32     32     0      -             -          -      0         0      0         0         0        0         0         0         -      0      0      0      0      0      0      0      0      140    0      0      0      0      0      0      0      0      0      0      416    0      0      0      0      0      0      0      0      0      0      0      0      0      0      0      0      0      0      0      0      0      0     
0x7f1ae3b9e290           F2FP.F16.E4M3.UNPACK_B R12, R12                                 945    310    945    6905856 220987392 220987392 32     32     0      -             -          -      0         0      0         0         0        0         0         0         -      0      0      0      0      0      0      0      0      21     0      0      0      0      12     0      0      0      0      81     429    0      0      0      402    0      0      20     0      0      0      0      9      0      0      0      0      0      0      0      0      0      281   
0x7f1ae3b9e2a0           F2FP.F16.E4M3.UNPACK_B R13, R13                                 1030   475    1030   6905856 220987392 220987392 32     32     0      -             -          -      0         0      0         0         0        0         0         0         -      0      0      0      0      0      0      0      0      57     0      0      0      0      14     0      0      0      0      35     404    0      0      0      520    0      0      55     0      0      0      0      10     0      0      0      0      0      0      0      0      0      410   
0x7f1ae3b9e2b0           F2F.BF16.F16 R91, R11                                           1124   365    1124   6905856 220987392 220987392 32     32     0      -             -          -      0         0      0         0         0        0         0         0         -      0      0      0      0      0      0      0      0      6      0      0      0      0      0      0      29     0      0      73     445    0      0      0      571    0      0      0      0      0      0      0      0      0      23     0      0      0      0      0      0      0      342   
0x7f1ae3b9e2c0     @!P5  LDG.E R202, desc[UR12][R6.64]                                   582    46     582    6905856 220987392 199016448 32     28     0      Global        Load       32     49754112  0      0         0         0        24846336  49754112  24907776         0      0      0      0      0      0      0      0      141    0      0      0      0      0      0      47     0      0      0      394    0      0      0      0      0      0      0      0      0      0      0      0      0      46     0      0      0      0      0      0      0      0     
0x7f1ae3b9e2d0           F2F.BF16.F16 R15, R5.H1                                         3631   2296   3631   6905856 220987392 220987392 32     32     0      -             -          -      0         0      0         0         0        0         0         0         -      0      0      0      0      0      0      0      0      11     0      0      0      0      0      0      31     0      0      411    424    0      0      0      2754   0      0      0      0      0      0      0      0      0      28     0      0      0      0      0      0      0      2268  
0x7f1ae3b9e2e0           F2F.BF16.F16 R92, R8                                            3848   2651   3848   6905856 220987392 220987392 32     32     0      -             -          -      0         0      0         0         0        0         0         0         -      0      0      0      0      0      0      0      0      10     0      0      0      0      0      0      28     0      0      259    445    0      0      0      3106   0      0      3      0      0      0      0      0      0      26     0      0      0      0      0      0      0      2622  
0x7f1ae3b9e2f0           F2F.BF16.F16 R17, R8.H1                                         3751   2604   3751   6905856 220987392 220987392 32     32     0      -             -          -      0         0      0         0         0        0         0         0         -      0      0      0      0      0      0      0      0      9      0      0      0      0      0      0      26     0      0      225    444    0      0      0      3047   0      0      1      0      0      0      0      0      0      19     0      0      0      0      0      0      0      2584  
0x7f1ae3b9e300           F2F.BF16.F16 R93, R9                                            3628   2624   3628   6905856 220987392 220987392 32     32     0      -             -          -      0         0      0         0         0        0         0         0         -      0      0      0      0      0      0      0      0      5      0      0      0      0      0      0      51     0      0      191    457    0      0      0      2924   0      0      0      0      0      0      0      0      0      47     0      0      0      0      0      0      0      2577  
0x7f1ae3b9e310           F2F.BF16.F16 R16, R9.H1                                         3644   2722   3644   6905856 220987392 220987392 32     32     0      -             -          -      0         0      0         0         0        0         0         0         -      0      0      0      0      0      0      0      0      6      0      0      0      0      0      0      41     0      0      152    399    0      0      0      3046   0      0      0      0      0      0      0      0      0      40     0      0      0      0      0      0      0      2682  
0x7f1ae3b9e320           F2F.BF16.F16 R90, R10                                           3693   2813   3693   6905856 220987392 220987392 32     32     0      -             -          -      0         0      0         0         0        0         0         0         -      0      0      0      0      0      0      0      0      10     0      0      0      0      0      0      63     0      0      111    454    0      0      0      3055   0      0      0      0      0      0      0      0      0      62     0      0      0      0      0      0      0      2751  
0x7f1ae3b9e330           F2F.BF16.F16 R5, R10.H1                                         3799   2787   3799   6905856 220987392 220987392 32     32     0      -             -          -      0         0      0         0         0        0         0         0         -      0      0      0      0      0      0      0      0      43     0      0      0      0      0      0      16     0      0      214    440    0      0      0      3086   0      0      0      0      0      0      0      0      0      16     0      0      0      0      0      0      0      2771  
0x7f1ae3b9e340           F2F.BF16.F16 R4, R11.H1                                         3657   2796   3657   6905856 220987392 220987392 32     32     0      -             -          -      0         0      0         0         0        0         0         0         -      0      0      0      0      0      0      0      0      23     0      0      0      0      0      0      13     0      0      131    433    0      0      0      3057   0      0      10     0      0      0      0      0      0      12     0      0      0      0      0      0      0      2774  
0x7f1ae3b9e350           F2F.BF16.F16 R94, R12                                           3512   2764   3512   6905856 220987392 220987392 32     32     0      -             -          -      0         0      0         0         0        0         0         0         -      0      0      0      0      0      0      0      0      3      0      0      0      0      0      0      5      0      0      104    449    0      0      0      2951   0      0      1      0      0      0      0      0      0      5      0      0      0      0      0      0      0      2758  
0x7f1ae3b9e360           F2F.BF16.F16 R19, R12.H1                                        3600   2791   3600   6905856 220987392 220987392 32     32     0      -             -          -      0         0      0         0         0        0         0         0         -      0      0      0      0      0      0      0      0      3      0      0      0      0      0      0      14     0      0      122    435    0      0      0      3026   0      0      2      0      0      0      0      0      0      14     0      0      0      0      0      0      0      2775  
0x7f1ae3b9e370           F2F.BF16.F16 R95, R13                                           3545   2772   3545   6905856 220987392 220987392 32     32     0      -             -          -      0         0      0         0         0        0         0         0         -      0      0      0      0      0      0      0      0      0      0      0      0      0      0      0      19     0      0      154    399    0      0      0      2973   0      0      0      0      0      0      0      0      0      17     0      0      0      0      0      0      0      2755  
0x7f1ae3b9e380           F2F.BF16.F16 R6, R13.H1                                         11166  8850   11166  6905856 220987392 220987392 32     32     0      -             -          -      0         0      0         0         0        0         0         0         -      0      0      0      0      0      0      0      0      180    0      0      0      6095   0      0      45     0      0      714    442    683    0      0      3007   0      0      0      0      0      0      5417   0      0      38     0      0      0      0      565    0      0      2830  
0x7f1ae3b9e390           PRMT R88, R88, 0x5410, R15                                      439    0      439    6905856 220987392 220987392 32     32     0      -             -          -      0         0      0         0         0        0         0         0         -      0      0      0      0      0      0      0      0      0      0      0      0      0      0      0      0      0      0      0      439    0      0      0      0      0      0      0      0      0      0      0      0      0      0      0      0      0      0      0      0      0      0     
0x7f1ae3b9e3a0           PRMT R89, R89, 0x5410, R14                                      1367   430    1367   6905856 220987392 220987392 32     32     0      -             -          -      0         0      0         0         0        0         0         0         -      0      0      0      0      0      0      0      0      4      0      0      0      0      129    0      0      0      0      310    472    0      0      0      452    0      0      1      0      0      0      0      88     0      0      0      0      0      0      0      0      0      341   
0x7f1ae3b9e3b0           PRMT R92, R92, 0x5410, R17                                      914    399    914    6905856 220987392 220987392 32     32     0      -             -          -      0         0      0         0         0        0         0         0         -      0      0      0      0      0      0      0      0      15     0      0      0      0      6      0      0      0      0      70     411    0      0      0      412    0      0      12     0      0      0      0      2      0      0      0      0      0      0      0      0      0      385   
0x7f1ae3b9e3c0           PRMT R93, R93, 0x5410, R16                                      914    345    914    6905856 220987392 220987392 32     32     0      -             -          -      0         0      0         0         0        0         0         0         -      0      0      0      0      0      0      0      0      5      0      0      0      0      10     0      0      0      0      78     419    0      0      0      402    0      0      0      0      0      0      0      1      0      0      0      0      0      0      0      0      0      344   
0x7f1ae3b9e3d0           PRMT R90, R90, 0x5410, R5                                       996    436    996    6905856 220987392 220987392 32     32     0      -             -          -      0         0      0         0         0        0         0         0         -      0      0      0      0      0      0      0      0      4      0      0      0      0      52     0      0      0      0      83     412    0      0      0      445    0      0      0      0      0      0      0      51     0      0      0      0      0      0      0      0      0      385   
0x7f1ae3b9e3e0           PRMT R91, R91, 0x5410, R4                                       1047   361    1047   6905856 220987392 220987392 32     32     0      -             -          -      0         0      0         0         0        0         0         0         -      0      0      0      0      0      0      0      0      5      0      0      0      0      21     0      0      0      0      153    408    0      0      0      460    0      0      0      0      0      0      0      1      0      0      0      0      0      0      0      0      0      360   
0x7f1ae3b9e3f0           PRMT R94, R94, 0x5410, R19                                      921    397    921    6905856 220987392 220987392 32     32     0      -             -          -      0         0      0         0         0        0         0         0         -      0      0      0      0      0      0      0      0      3      0      0      0      0      1      0      0      0      0      41     432    0      0      0      444    0      0      0      0      0      0      0      0      0      0      0      0      0      0      0      0      0      397   
0x7f1ae3b9e400           PRMT R95, R95, 0x5410, R6                                       1783   1080   1783   6905856 220987392 220987392 32     32     0      -             -          -      0         0      0         0         0        0         0         0         -      0      0      0      0      0      0      0      0      8      0      0      0      0      69     0      0      0      0      155    394    691    0      0      466    0      0      1      0      0      0      0      50     0      0      0      0      0      0      643    0      0      386   
0x7f1ae3b9e410           WARPGROUP.ARRIVE                                                1790   1162   1790   6905856 220987392 220987392 32     32     0      -             -          -      0         0      0         0         0        0         0         0         -      0      0      0      0      0      0      0      0      4      0      0      0      0      0      0      0      0      0      55     443    0      0      0      1288   0      0      0      0      0      0      0      0      0      0      0      0      0      0      0      0      0      1162  
0x7f1ae3b9e420           UMOV UR11, 0x40000040                                           451    0      451    6905856 220987392 220987392 32     32     0      -             -          -      0         0      0         0         0        0         0         0         -      0      0      0      0      0      0      0      0      35     0      0      0      0      0      0      0      0      0      0      416    0      0      0      0      0      0      0      0      0      0      0      0      0      0      0      0      0      0      0      0      0      0     
0x7f1ae3b9e430           HGMMA.64x128x16.F32.BF16 R24, R88, gdesc[UR8].tnspB, RZ, !UPT   9199   6991   9199   6905856 220987392 220987392 32     32     0      Shared        Load       -      0         8      0         55246848  55246848 0         0         0         -      0      0      0      0      0      0      0      0      42     0      0      0      0      0      0      0      0      0      379    427    0      0      0      1726   0      0      0      0      0      0      0      0      0      0      0      0      0      0      0      0      0      1605  
0x7f1ae3b9e440           HGMMA.64x128x16.F32.BF16 R24, R92, gdesc[UR12].tnspB, R24, gsb0 5746   4110   5746   6905856 220987392 220987392 32     32     0      Shared        Load       -      0         8      0         55246848  55246848 0         0         0         -      0      0      0      0      0      0      0      0      192    0      0      0      0      0      0      0      0      0      392    421    0      0      0      4741   0      0      1      0      0      0      0      0      0      0      0      0      0      0      0      0      0      4109  
0x7f1ae3b9e450           ISETP.GE.U32.AND P1, PT, R181, 0x17c0, PT                       427    0      427    6905856 220987392 220987392 32     32     0      -             -          -      0         0      0         0         0        0         0         0         -      0      0      0      0      0      0      0      0      16     0      0      0      0      0      0      0      0      0      0      411    0      0      0      0      0      0      0      0      0      0      0      0      0      0      0      0      0      0      0      0      0      0     
0x7f1ae3b9e460           VIADD R183, R183, 0x1                                           478    0      478    6905856 220987392 220987392 32     32     0      -             -          -      0         0      0         0         0        0         0         0         -      0      0      0      0      0      0      0      0      10     0      0      0      0      0      0      0      0      0      0      468    0      0      0      0      0      0      0      0      0      0      0      0      0      0      0      0      0      0      0      0      0      0     
0x7f1ae3b9e470           ISETP.GE.U32.AND.EX P1, PT, R182, RZ, PT, P1                    2297   823    2297   6905856 220987392 220987392 32     32     0      -             -          -      0         0      0         0         0        0         0         0         -      0      0      0      0      0      0      0      0      181    0      0      0      0      392    0      0      0      0      457    414    0      0      0      853    0      0      2      0      0      0      0      159    0      0      0      0      0      0      0      0      0      662   
0x7f1ae3b9e480           ISETP.GT.AND P6, PT, R183, 0x1, PT                              1588   393    1588   6905856 220987392 220987392 32     32     0      -             -          -      0         0      0         0         0        0         0         0         -      0      0      0      0      0      0      0      0      342    0      0      0      0      21     0      0      0      0      365    397    0      0      0      463    0      0      27     0      0      0      0      10     0      0      0      0      0      0      0      0      0      356   
0x7f1ae3b9e490           SEL R5, RZ, 0x8, P1                                             1094   390    1094   6905856 220987392 220987392 32     32     0      -             -          -      0         0      0         0         0        0         0         0         -      0      0      0      0      0      0      0      0      73     0      0      0      0      23     0      0      0      0      111    437    0      0      0      450    0      0      9      0      0      0      0      15     0      0      0      0      0      0      0      0      0      366   
0x7f1ae3b9e4a0           SEL R183, R183, RZ, !P6                                         1353   396    1353   6905856 220987392 220987392 32     32     0      -             -          -      0         0      0         0         0        0         0         0         -      0      0      0      0      0      0      0      0      216    0      0      0      0      32     0      0      0      0      244    408    0      0      0      453    0      0      5      0      0      0      0      11     0      0      0      0      0      0      0      0      0      380   
0x7f1ae3b9e4b0           IADD3 R102, P6, R181, R196, RZ                                  2350   388    2350   6905856 220987392 220987392 32     32     0      -             -          -      0         0      0         0         0        0         0         0         -      0      0      0      0      0      0      0      0      633    0      0      0      0      111    0      0      0      0      696    422    0      0      0      488    0      0      1      0      0      0      0      22     0      0      0      0      0      0      0      0      0      365   
0x7f1ae3b9e4c0           SEL R4, R5, RZ, !P2                                             2379   366    2379   6905856 220987392 220987392 32     32     0      -             -          -      0         0      0         0         0        0         0         0         -      0      0      0      0      0      0      0      0      724    0      0      0      0      36     0      0      0      0      725    440    0      0      0      454    0      0      0      0      0      0      0      2      0      0      0      0      0      0      0      0      0      364   
0x7f1ae3b9e4d0           IMAD.X R103, R182, 0x1, R195, P6                                2439   1085   2439   6905856 220987392 220987392 32     32     0      -             -          -      0         0      0         0         0        0         0         0         -      0      0      0      0      0      0      0      0      504    0      0      0      0      378    0      0      0      0      210    416    0      0      0      931    0      0      340    0      0      0      0      41     0      0      0      0      0      0      0      0      0      704   
0x7f1ae3b9e4e0           ISETP.NE.U32.AND P6, PT, R4, RZ, PT                             439    0      439    6905856 220987392 220987392 32     32     0      -             -          -      0         0      0         0         0        0         0         0         -      0      0      0      0      0      0      0      0      66     0      0      0      0      0      0      0      0      0      0      373    0      0      0      0      0      0      0      0      0      0      0      0      0      0      0      0      0      0      0      0      0      0     
0x7f1ae3b9e4f0           SEL R6, RZ, 0x10, P1                                            1547   421    1547   6905856 220987392 220987392 32     32     0      -             -          -      0         0      0         0         0        0         0         0         -      0      0      0      0      0      0      0      0      114    0      0      0      0      18     0      0      0      0      67     445    0      0      0      903    0      0      39     0      0      0      0      4      0      0      0      0      0      0      0      0      0      378   
0x7f1ae3b9e500           LEA R4, R183, UR9, 0xb                                          1407   668    1407   6905856 220987392 220987392 32     32     0      -             -          -      0         0      0         0         0        0         0         0         -      0      0      0      0      0      0      0      0      350    0      0      0      0      60     0      0      0      0      82     403    0      0      0      512    0      0      289    0      0      0      0      37     0      0      0      0      0      0      0      0      0      342   
0x7f1ae3b9e510           SEL R105, R5, RZ, !P3                                           1899   374    1899   6905856 220987392 220987392 32     32     0      -             -          -      0         0      0         0         0        0         0         0         -      0      0      0      0      0      0      0      0      443    0      0      0      0      36     0      0      0      0      561    417    0      0      0      442    0      0      9      0      0      0      0      1      0      0      0      0      0      0      0      0      0      364   
0x7f1ae3b9e520           SEL R204, R6, RZ, !P0                                           1600   440    1600   6905856 220987392 220987392 32     32     0      -             -          -      0         0      0         0         0        0         0         0         -      0      0      0      0      0      0      0      0      109    0      0      0      0      136    0      0      0      0      131    447    0      0      0      777    0      0      2      0      0      0      0      54     0      0      0      0      0      0      0      0      0      384   
0x7f1ae3b9e530           IMAD.IADD R203, R159, 0x1, R4                                   1138   0      1138   6905856 220987392 220987392 32     32     0      -             -          -      0         0      0         0         0        0         0         0         -      0      0      0      0      0      0      0      0      681    0      0      0      0      0      0      0      0      0      0      457    0      0      0      0      0      0      0      0      0      0      0      0      0      0      0      0      0      0      0      0      0      0     
0x7f1ae3b9e540           IADD3 R104, P1, R181, R198, RZ                                  426    0      426    6905856 220987392 220987392 32     32     0      -             -          -      0         0      0         0         0        0         0         0         -      0      0      0      0      0      0      0      0      13     0      0      0      0      0      0      0      0      0      0      413    0      0      0      0      0      0      0      0      0      0      0      0      0      0      0      0      0      0      0      0      0      0     
0x7f1ae3b9e550           WARPGROUP.DEPBAR.LE gsb0, 0x0                                   43069  28801  43069  6905856 220987392 220987392 32     32     0      -             -          -      0         0      0         0         0        0         0         0         -      0      0      0      0      0      0      40581  0      96     0      0      0      0      0      0      0      0      0      1981   411    0      0      0      0      28801  0      0      0      0      0      0      0      0      0      0      0      0      0      0      0      0      0     
0x7f1ae3b9e560           BAR.SYNC.DEFER_BLOCKING 0x0                                     1273   351    1273   6905856 220987392 220987392 32     32     0      -             -          -      0         0      0         0         0        0         0         0         -      0      0      0      0      0      0      0      0      19     0      0      0      0      0      0      0      0      0      326    463    0      0      0      465    0      0      2      0      0      0      0      0      0      0      0      0      0      0      0      0      0      349   
0x7f1ae3b9e570           STS [R156], R21                                                 23190  16309  23190  6905856 220987392 220987392 32     32     0      Shared        Store      32     0         1      0         6905856   6905856  0         0         0         -      0      0      0      0      0      0      6869   0      116    0      0      0      13285  0      0      8      0      0      529    438    0      0      0      1945   5286   0      7      0      0      0      9521   0      0      8      0      0      0      0      0      0      0      1487  
0x7f1ae3b9e580           BAR.SYNC.DEFER_BLOCKING 0x0                                     961    285    961    6905856 220987392 220987392 32     32     0      -             -          -      0         0      0         0         0        0         0         0         -      0      0      0      0      0      0      0      0      26     0      0      0      0      0      0      0      0      0      108    411    0      0      0      416    0      0      0      0      0      0      0      0      0      0      0      0      0      0      0      0      0      285   
0x7f1ae3b9e590           LDS.128 R4, [R184+UR9]                                          17270  11027  17270  6905856 220987392 220987392 32     32     0      Shared        Load       128    0         4      0         27623424  27623424 0         0         0         -      0      0      0      0      0      0      13094  0      418    0      0      0      0      0      0      9      0      0      1383   409    0      0      0      1957   9554   0      1      0      0      0      0      0      0      8      0      0      0      0      0      0      0      1464  
0x7f1ae3b9e5a0           LDS.128 R8, [R184+UR9+0x10]                                     2756   919    2756   6905856 220987392 220987392 32     32     0      Shared        Load       128    0         4      0         27623424  27623424 0         0         0         -      0      0      0      0      0      0      0      0      230    0      0      0      0      0      0      28     0      0      786    424    0      0      0      1288   0      0      3      0      0      0      0      0      0      8      0      0      0      0      0      0      0      908   
0x7f1ae3b9e5b0           LDS.128 R12, [R184+UR9+0x80]                                    3045   964    3045   6905856 220987392 220987392 32     32     0      Shared        Load       128    0         4      0         27623424  27623424 0         0         0         -      0      0      0      0      0      0      0      0      311    0      0      0      0      0      0      82     0      0      912    474    0      0      0      1266   0      0      1      0      0      0      0      0      0      65     0      0      0      0      0      0      0      898   
0x7f1ae3b9e5c0           LDS.128 R16, [R184+UR9+0x90]                                    3160   1053   3160   6905856 220987392 220987392 32     32     0      Shared        Load       128    0         4      0         27623424  27623424 0         0         0         -      0      0      0      0      0      0      0      0      303    0      0      0      0      0      0      216    0      0      917    465    0      0      0      1259   0      0      4      0      0      0      0      0      0      151    0      0      0      0      0      0      0      898   
0x7f1ae3b9e5d0           LDS.128 R20, [R184+UR9+0x100]                                   2847   1083   2847   6905856 220987392 220987392 32     32     0      Shared        Load       128    0         4      0         27623424  27623424 0         0         0         -      0      0      0      0      0      0      0      0      263    0      0      0      0      0      0      151    0      0      700    433    0      0      0      1300   0      0      2      0      0      0      0      0      0      132    0      0      0      0      0      0      0      949   
0x7f1ae3b9e5e0           LDS.128 R88, [R184+UR9+0x110]                                   3573   1272   3573   6905856 220987392 220987392 32     32     0      Shared        Load       128    0         4      0         27623424  27623424 0         0         0         -      0      0      0      0      0      0      0      0      425    0      0      0      0      0      0      346    0      0      1070   394    0      0      0      1338   0      0      0      0      0      0      0      0      0      283    0      0      0      0      0      0      0      989   
0x7f1ae3b9e5f0           LDS.128 R92, [R184+UR9+0x180]                                   3120   1073   3120   6905856 220987392 220987392 32     32     0      Shared        Load       128    0         4      0         27623424  27623424 0         0         0         -      0      0      0      0      0      0      0      0      339    0      0      0      0      0      0      195    0      0      860    431    0      0      0      1295   0      0      3      0      0      0      0      0      0      149    0      0      0      0      0      0      0      921   
0x7f1ae3b9e600           LDS.128 R96, [R184+UR9+0x190]                                   2556   1139   2556   6905856 220987392 220987392 32     32     0      Shared        Load       128    0         4      0         27623424  27623424 0         0         0         -      0      0      0      0      0      0      0      0      168    0      0      0      0      0      0      246    0      0      433    426    0      0      0      1283   0      0      4      0      0      0      0      0      0      188    0      0      0      0      0      0      0      947   
0x7f1ae3b9e610     @!PT  LDS RZ, [RZ]                                                    2336   1321   2336   6905856 220987392 0         32     0      0                    Load       32     0         0      0         0         0        0         0         0         -      0      0      0      0      0      0      0      0      35     0      0      0      0      0      0      417    0      0      188    412    0      0      0      1284   0      0      0      0      0      0      0      0      0      347    0      0      0      0      0      0      0      974   
0x7f1ae3b9e620     @!PT  LDS RZ, [RZ]                                                    1165   514    1165   6905856 220987392 0         32     0      0                    Load       32     0         0      0         0         0        0         0         0         -      0      0      0      0      0      0      0      0      16     0      0      0      0      0      0      583    0      0      130    436    0      0      0      0      0      0      0      0      0      0      0      0      0      514    0      0      0      0      0      0      0      0     
0x7f1ae3b9e630     @!PT  LDS RZ, [RZ]                                                    1085   510    1085   6905856 220987392 0         32     0      0                    Load       32     0         0      0         0         0        0         0         0         -      0      0      0      0      0      0      0      0      14     0      0      0      0      0      0      556    0      0      87     428    0      0      0      0      0      0      0      0      0      0      0      0      0      510    0      0      0      0      0      0      0      0     
0x7f1ae3b9e640           LDGSTS.E.64 desc[UR12][R102.64], P6, [R203+0x2000]              1638   863    1638   6905856 220987392 220987392 32     32     0      Global,Shared Load,Store 64     51850240  7      38820800  52632512  13811712 0         51850240  51850240         0      0      0      0      0      0      0      0      11     0      0      0      0      0      0      1090   0      0      112    425    0      0      0      0      0      0      0      0      0      0      0      0      0      863    0      0      0      0      0      0      0      0     
0x7f1ae3b9e650           ISETP.NE.U32.AND P6, PT, R105, RZ, PT                           402    0      402    6905856 220987392 220987392 32     32     0      -             -          -      0         0      0         0         0        0         0         0         -      0      0      0      0      0      0      0      0      8      0      0      0      0      0      0      0      0      0      0      394    0      0      0      0      0      0      0      0      0      0      0      0      0      0      0      0      0      0      0      0      0      0     
0x7f1ae3b9e660           IMAD.X R105, R182, 0x1, R185, P1                                367    0      367    6905856 220987392 220987392 32     32     0      -             -          -      0         0      0         0         0        0         0         0         -      0      0      0      0      0      0      0      0      0      0      0      0      0      0      0      0      0      0      0      367    0      0      0      0      0      0      0      0      0      0      0      0      0      0      0      0      0      0      0      0      0      0     
0x7f1ae3b9e670           ISETP.NE.U32.AND P1, PT, R204, RZ, PT                           477    0      477    6905856 220987392 220987392 32     32     0      -             -          -      0         0      0         0         0        0         0         0         -      0      0      0      0      0      0      0      0      1      0      0      0      0      0      0      0      0      0      0      476    0      0      0      0      0      0      0      0      0      0      0      0      0      0      0      0      0      0      0      0      0      0     
0x7f1ae3b9e680           FMUL R24, R24, R201                                             433    0      433    6905856 220987392 220987392 32     32     0      -             -          -      0         0      0         0         0        0         0         0         -      0      0      0      0      0      0      0      0      0      0      0      0      0      0      0      0      0      0      0      433    0      0      0      0      0      0      0      0      0      0      0      0      0      0      0      0      0      0      0      0      0      0     
0x7f1ae3b9e690           FMUL R25, R25, R201                                             438    0      438    6905856 220987392 220987392 32     32     0      -             -          -      0         0      0         0         0        0         0         0         -      0      0      0      0      0      0      0      0      0      0      0      0      0      0      0      0      0      0      0      438    0      0      0      0      0      0      0      0      0      0      0      0      0      0      0      0      0      0      0      0      0      0     
0x7f1ae3b9e6a0           FMUL R29, R29, R201                                             389    0      389    6905856 220987392 220987392 32     32     0      -             -          -      0         0      0         0         0        0         0         0         -      0      0      0      0      0      0      0      0      0      0      0      0      0      0      0      0      0      0      0      389    0      0      0      0      0      0      0      0      0      0      0      0      0      0      0      0      0      0      0      0      0      0     
0x7f1ae3b9e6b0           FMUL R26, R26, R202                                             1172   624    1172   6905856 220987392 220987392 32     32     0      -             -          -      0         0      0         0         0        0         0         0         -      0      0      0      0      0      0      0      0      18     0      0      0      745    0      0      0      0      0      3      406    0      0      0      0      0      0      0      0      0      0      624    0      0      0      0      0      0      0      0      0      0      0     
0x7f1ae3b9e6c0           FMUL R27, R27, R202                                             476    0      476    6905856 220987392 220987392 32     32     0      -             -          -      0         0      0         0         0        0         0         0         -      0      0      0      0      0      0      0      0      51     0      0      0      0      0      0      0      0      0      0      425    0      0      0      0      0      0      0      0      0      0      0      0      0      0      0      0      0      0      0      0      0      0     
0x7f1ae3b9e6d0           FMUL R31, R31, R202                                             452    0      452    6905856 220987392 220987392 32     32     0      -             -          -      0         0      0         0         0        0         0         0         -      0      0      0      0      0      0      0      0      40     0      0      0      0      0      0      0      0      0      0      412    0      0      0      0      0      0      0      0      0      0      0      0      0      0      0      0      0      0      0      0      0      0     
0x7f1ae3b9e6e0           FFMA R180, R25, R5, R180                                        16363  11360  16363  6905856 220987392 220987392 32     32     0      -             -          -      0         0      0         0         0        0         0         0         -      0      0      0      0      0      0      0      0      5      0      0      0      0      0      0      0      0      0      73     423    15862  0      0      0      0      0      1      0      0      0      0      0      0      0      0      0      0      0      11359  0      0      0     
0x7f1ae3b9e6f0           FFMA R179, R24, R4, R179                                        405    0      405    6905856 220987392 220987392 32     32     0      -             -          -      0         0      0         0         0        0         0         0         -      0      0      0      0      0      0      0      0      5      0      0      0      0      0      0      0      0      0      0      400    0      0      0      0      0      0      0      0      0      0      0      0      0      0      0      0      0      0      0      0      0      0     
0x7f1ae3b9e700           FFMA R134, R5, R27, R134                                        445    2      445    6905856 220987392 220987392 32     32     0      -             -          -      0         0      0         0         0        0         0         0         -      0      0      0      0      0      0      0      0      30     0      0      0      0      0      0      0      0      3      0      412    0      0      0      0      0      0      0      0      0      0      0      0      0      0      0      2      0      0      0      0      0      0     
0x7f1ae3b9e710           FFMA R139, R4, R26, R139                                        463    0      463    6905856 220987392 220987392 32     32     0      -             -          -      0         0      0         0         0        0         0         0         -      0      0      0      0      0      0      0      0      7      0      0      0      0      0      0      0      0      0      0      456    0      0      0      0      0      0      0      0      0      0      0      0      0      0      0      0      0      0      0      0      0      0     
0x7f1ae3b9e720           FFMA R178, R7, R29, R178                                        468    0      468    6905856 220987392 220987392 32     32     0      -             -          -      0         0      0         0         0        0         0         0         -      0      0      0      0      0      0      0      0      27     0      0      0      0      0      0      0      0      0      0      441    0      0      0      0      0      0      0      0      0      0      0      0      0      0      0      0      0      0      0      0      0      0     
0x7f1ae3b9e730           FFMA R132, R7, R31, R132                                        487    0      487    6905856 220987392 220987392 32     32     0      -             -          -      0         0      0         0         0        0         0         0         -      0      0      0      0      0      0      0      0      45     0      0      0      0      0      0      0      0      0      0      442    0      0      0      0      0      0      0      0      0      0      0      0      0      0      0      0      0      0      0      0      0      0     
0x7f1ae3b9e740           IMAD R7, R183, 0x800, R172                                      1474   425    1474   6905856 220987392 220987392 32     32     0      -             -          -      0         0      0         0         0        0         0         0         -      0      0      0      0      0      0      0      0      276    0      0      0      0      655    0      0      0      0      122    421    0      0      0      0      0      0      131    0      0      0      0      294    0      0      0      0      0      0      0      0      0      0     
0x7f1ae3b9e750           LDGSTS.E.64 desc[UR12][R104.64], P6, [R203+0x2400]              1010   318    1010   6905856 220987392 220987392 32     32     0      Global,Shared Load,Store 64     47764480  7      35768640  49580352  13811712 0         47764480  47764480         0      0      0      0      0      0      0      0      234    0      0      0      0      0      0      336    0      0      38     402    0      0      0      0      0      0      4      0      0      0      0      0      0      314    0      0      0      0      0      0      0      0     
0x7f1ae3b9e760           IMAD.MOV.U32 R4, RZ, RZ, R186                                   618    0      618    6905856 220987392 220987392 32     32     0      -             -          -      0         0      0         0         0        0         0         0         -      0      0      0      0      0      0      0      0      213    0      0      0      0      0      0      0      0      0      0      405    0      0      0      0      0      0      0      0      0      0      0      0      0      0      0      0      0      0      0      0      0      0     
0x7f1ae3b9e770           IMAD.MOV.U32 R5, RZ, RZ, R187                                   1467   391    1467   6905856 220987392 220987392 32     32     0      -             -          -      0         0      0         0         0        0         0         0         -      0      0      0      0      0      0      0      0      54     0      0      0      0      219    0      0      0      0      237    423    0      0      0      534    0      0      18     0      0      0      0      98     0      0      0      0      0      0      0      0      0      275   
0x7f1ae3b9e780           LDGDEPBAR                                                       1263   599    1263   6905856 220987392 220987392 32     32     0      -             -          -      0         0      0         0         0        0         0         0         -      0      0      0      0      0      0      0      0      125    0      0      0      0      0      0      617    0      4      80     437    0      0      0      0      0      0      0      0      0      0      0      0      0      597    0      2      0      0      0      0      0      0     
0x7f1ae3b9e790           LDGSTS.E.BYPASS.128 desc[UR12][R4.64], P1, [R7+0x3000]          3292   2149   3292   6905856 220987392 220987392 32     32     0      Global,Shared Load,Store 128    218685440 31     191349760 218973184 27623424 109342720 218685440 109342720        0      0      0      0      0      0      0      0      231    0      0      0      0      0      0      1035   0      0      221    402    0      0      0      1403   0      0      105    0      0      0      0      0      0      983    0      0      0      0      0      0      0      1061  
0x7f1ae3b9e7a0           IADD3 R186, P1, R186, 0x10, RZ                                  438    0      438    6905856 220987392 220987392 32     32     0      -             -          -      0         0      0         0         0        0         0         0         -      0      0      0      0      0      0      0      0      15     0      0      0      0      0      0      0      0      0      0      423    0      0      0      0      0      0      0      0      0      0      0      0      0      0      0      0      0      0      0      0      0      0     
0x7f1ae3b9e7b0           IADD3 R162, P6, R162, 0x4, RZ                                   1207   449    1207   6905856 220987392 220987392 32     32     0      -             -          -      0         0      0         0         0        0         0         0         -      0      0      0      0      0      0      0      0      17     0      0      0      0      116    0      0      0      0      162    404    0      0      0      508    0      0      1      0      0      0      0      56     0      0      0      0      0      0      0      0      0      392   
0x7f1ae3b9e7c0           FMUL R28, R28, R201                                             491    0      491    6905856 220987392 220987392 32     32     0      -             -          -      0         0      0         0         0        0         0         0         -      0      0      0      0      0      0      0      0      77     0      0      0      0      0      0      0      0      0      0      414    0      0      0      0      0      0      0      0      0      0      0      0      0      0      0      0      0      0      0      0      0      0     
0x7f1ae3b9e7d0           FMUL R32, R32, R201                                             419    0      419    6905856 220987392 220987392 32     32     0      -             -          -      0         0      0         0         0        0         0         0         -      0      0      0      0      0      0      0      0      0      0      0      0      0      0      0      0      0      0      0      419    0      0      0      0      0      0      0      0      0      0      0      0      0      0      0      0      0      0      0      0      0      0     
0x7f1ae3b9e7e0           IMAD.X R187, RZ, RZ, R187, P1                                   1099   321    1099   6905856 220987392 220987392 32     32     0      -             -          -      0         0      0         0         0        0         0         0         -      0      0      0      0      0      0      0      0      6      0      0      0      0      633    0      0      0      0      56     404    0      0      0      0      0      0      0      0      0      0      0      321    0      0      0      0      0      0      0      0      0      0     
0x7f1ae3b9e7f0           ISETP.GE.U32.AND P1, PT, R181, 0x17e0, PT                       575    0      575    6905856 220987392 220987392 32     32     0      -             -          -      0         0      0         0         0        0         0         0         -      0      0      0      0      0      0      0      0      160    0      0      0      0      0      0      0      0      0      0      415    0      0      0      0      0      0      0      0      0      0      0      0      0      0      0      0      0      0      0      0      0      0     
0x7f1ae3b9e800           FMUL R33, R33, R201                                             574    0      574    6905856 220987392 220987392 32     32     0      -             -          -      0         0      0         0         0        0         0         0         -      0      0      0      0      0      0      0      0      126    0      0      0      0      0      0      0      0      0      0      448    0      0      0      0      0      0      0      0      0      0      0      0      0      0      0      0      0      0      0      0      0      0     
0x7f1ae3b9e810           FMUL R36, R36, R201                                             585    0      585    6905856 220987392 220987392 32     32     0      -             -          -      0         0      0         0         0        0         0         0         -      0      0      0      0      0      0      0      0      187    0      0      0      0      0      0      0      0      0      0      398    0      0      0      0      0      0      0      0      0      0      0      0      0      0      0      0      0      0      0      0      0      0     
0x7f1ae3b9e820           FMUL R37, R37, R201                                             422    0      422    6905856 220987392 220987392 32     32     0      -             -          -      0         0      0         0         0        0         0         0         -      0      0      0      0      0      0      0      0      4      0      0      0      0      0      0      0      0      0      0      418    0      0      0      0      0      0      0      0      0      0      0      0      0      0      0      0      0      0      0      0      0      0     
0x7f1ae3b9e830           ISETP.GE.U32.AND.EX P1, PT, R182, RZ, PT, P1                    553    0      553    6905856 220987392 220987392 32     32     0      -             -          -      0         0      0         0         0        0         0         0         -      0      0      0      0      0      0      0      0      160    0      0      0      0      0      0      0      0      0      0      393    0      0      0      0      0      0      0      0      0      0      0      0      0      0      0      0      0      0      0      0      0      0     
0x7f1ae3b9e840           IMAD.X R163, RZ, RZ, R163, P6                                   378    0      378    6905856 220987392 220987392 32     32     0      -             -          -      0         0      0         0         0        0         0         0         -      0      0      0      0      0      0      0      0      5      0      0      0      0      0      0      0      0      0      0      373    0      0      0      0      0      0      0      0      0      0      0      0      0      0      0      0      0      0      0      0      0      0     
0x7f1ae3b9e850           IADD3 R181, P6, R181, 0x20, RZ                                  585    0      585    6905856 220987392 220987392 32     32     0      -             -          -      0         0      0         0         0        0         0         0         -      0      0      0      0      0      0      0      0      173    0      0      0      0      0      0      0      0      0      0      412    0      0      0      0      0      0      0      0      0      0      0      0      0      0      0      0      0      0      0      0      0      0     
0x7f1ae3b9e860           FMUL R40, R40, R201                                             436    0      436    6905856 220987392 220987392 32     32     0      -             -          -      0         0      0         0         0        0         0         0         -      0      0      0      0      0      0      0      0      6      0      0      0      0      0      0      0      0      0      0      430    0      0      0      0      0      0      0      0      0      0      0      0      0      0      0      0      0      0      0      0      0      0     
0x7f1ae3b9e870           FMUL R41, R41, R201                                             555    0      555    6905856 220987392 220987392 32     32     0      -             -          -      0         0      0         0         0        0         0         0         -      0      0      0      0      0      0      0      0      146    0      0      0      0      0      0      0      0      0      0      409    0      0      0      0      0      0      0      0      0      0      0      0      0      0      0      0      0      0      0      0      0      0     
0x7f1ae3b9e880           FMUL R44, R44, R201                                             428    1      428    6905856 220987392 220987392 32     32     0      -             -          -      0         0      0         0         0        0         0         0         -      0      0      0      0      0      0      0      0      10     0      0      0      0      0      0      0      0      1      0      417    0      0      0      0      0      0      0      0      0      0      0      0      0      0      0      1      0      0      0      0      0      0     
0x7f1ae3b9e890           FMUL R45, R45, R201                                             586    0      586    6905856 220987392 220987392 32     32     0      -             -          -      0         0      0         0         0        0         0         0         -      0      0      0      0      0      0      0      0      175    0      0      0      0      0      0      0      0      0      0      411    0      0      0      0      0      0      0      0      0      0      0      0      0      0      0      0      0      0      0      0      0      0     
0x7f1ae3b9e8a0           FMUL R48, R48, R201                                             483    0      483    6905856 220987392 220987392 32     32     0      -             -          -      0         0      0         0         0        0         0         0         -      0      0      0      0      0      0      0      0      27     0      0      0      0      0      0      0      0      0      0      456    0      0      0      0      0      0      0      0      0      0      0      0      0      0      0      0      0      0      0      0      0      0     
0x7f1ae3b9e8b0           FMUL R49, R49, R201                                             538    0      538    6905856 220987392 220987392 32     32     0      -             -          -      0         0      0         0         0        0         0         0         -      0      0      0      0      0      0      0      0      159    0      0      0      0      0      0      0      0      0      0      379    0      0      0      0      0      0      0      0      0      0      0      0      0      0      0      0      0      0      0      0      0      0     
0x7f1ae3b9e8c0           FMUL R52, R52, R201                                             430    0      430    6905856 220987392 220987392 32     32     0      -             -          -      0         0      0         0         0        0         0         0         -      0      0      0      0      0      0      0      0      34     0      0      0      0      0      0      0      0      0      0      396    0      0      0      0      0      0      0      0      0      0      0      0      0      0      0      0      0      0      0      0      0      0     
0x7f1ae3b9e8d0           FMUL R53, R53, R201                                             540    0      540    6905856 220987392 220987392 32     32     0      -             -          -      0         0      0         0         0        0         0         0         -      0      0      0      0      0      0      0      0      130    0      0      0      0      0      0      0      0      0      0      410    0      0      0      0      0      0      0      0      0      0      0      0      0      0      0      0      0      0      0      0      0      0     
0x7f1ae3b9e8e0           FMUL R56, R56, R201                                             457    0      457    6905856 220987392 220987392 32     32     0      -             -          -      0         0      0         0         0        0         0         0         -      0      0      0      0      0      0      0      0      57     0      0      0      0      0      0      0      0      0      0      400    0      0      0      0      0      0      0      0      0      0      0      0      0      0      0      0      0      0      0      0      0      0     
0x7f1ae3b9e8f0           FMUL R57, R57, R201                                             523    0      523    6905856 220987392 220987392 32     32     0      -             -          -      0         0      0         0         0        0         0         0         -      0      0      0      0      0      0      0      0      112    0      0      0      0      0      0      0      0      0      0      411    0      0      0      0      0      0      0      0      0      0      0      0      0      0      0      0      0      0      0      0      0      0     
0x7f1ae3b9e900           FMUL R60, R60, R201                                             584    43     584    6905856 220987392 220987392 32     32     0      -             -          -      0         0      0         0         0        0         0         0         -      0      0      0      0      0      0      0      0      62     0      0      0      0      0      0      0      0      61     5      456    0      0      0      0      0      0      0      0      0      0      0      0      0      0      0      43     0      0      0      0      0      0     
0x7f1ae3b9e910           FMUL R61, R61, R201                                             499    0      499    6905856 220987392 220987392 32     32     0      -             -          -      0         0      0         0         0        0         0         0         -      0      0      0      0      0      0      0      0      98     0      0      0      0      0      0      0      0      0      0      401    0      0      0      0      0      0      0      0      0      0      0      0      0      0      0      0      0      0      0      0      0      0     
0x7f1ae3b9e920           FMUL R64, R64, R201                                             555    0      555    6905856 220987392 220987392 32     32     0      -             -          -      0         0      0         0         0        0         0         0         -      0      0      0      0      0      0      0      0      111    0      0      0      0      0      0      0      0      0      0      444    0      0      0      0      0      0      0      0      0      0      0      0      0      0      0      0      0      0      0      0      0      0     
0x7f1ae3b9e930           FMUL R65, R65, R201                                             488    0      488    6905856 220987392 220987392 32     32     0      -             -          -      0         0      0         0         0        0         0         0         -      0      0      0      0      0      0      0      0      88     0      0      0      0      0      0      0      0      0      0      400    0      0      0      0      0      0      0      0      0      0      0      0      0      0      0      0      0      0      0      0      0      0     
0x7f1ae3b9e940           FMUL R68, R68, R201                                             560    0      560    6905856 220987392 220987392 32     32     0      -             -          -      0         0      0         0         0        0         0         0         -      0      0      0      0      0      0      0      0      127    0      0      0      0      0      0      0      0      0      0      433    0      0      0      0      0      0      0      0      0      0      0      0      0      0      0      0      0      0      0      0      0      0     
0x7f1ae3b9e950           FMUL R69, R69, R201                                             453    0      453    6905856 220987392 220987392 32     32     0      -             -          -      0         0      0         0         0        0         0         0         -      0      0      0      0      0      0      0      0      52     0      0      0      0      0      0      0      0      0      0      401    0      0      0      0      0      0      0      0      0      0      0      0      0      0      0      0      0      0      0      0      0      0     
0x7f1ae3b9e960           FMUL R72, R72, R201                                             547    0      547    6905856 220987392 220987392 32     32     0      -             -          -      0         0      0         0         0        0         0         0         -      0      0      0      0      0      0      0      0      127    0      0      0      0      0      0      0      0      0      0      420    0      0      0      0      0      0      0      0      0      0      0      0      0      0      0      0      0      0      0      0      0      0     
0x7f1ae3b9e970           FMUL R73, R73, R201                                             487    0      487    6905856 220987392 220987392 32     32     0      -             -          -      0         0      0         0         0        0         0         0         -      0      0      0      0      0      0      0      0      38     0      0      0      0      0      0      0      0      0      0      449    0      0      0      0      0      0      0      0      0      0      0      0      0      0      0      0      0      0      0      0      0      0     
0x7f1ae3b9e980           FMUL R76, R76, R201                                             615    33     615    6905856 220987392 220987392 32     32     0      -             -          -      0         0      0         0         0        0         0         0         -      0      0      0      0      0      0      0      0      134    0      0      0      0      0      0      0      0      51     5      425    0      0      0      0      0      0      0      0      0      0      0      0      0      0      0      33     0      0      0      0      0      0     
0x7f1ae3b9e990           FMUL R77, R77, R201                                             485    0      485    6905856 220987392 220987392 32     32     0      -             -          -      0         0      0         0         0        0         0         0         -      0      0      0      0      0      0      0      0      62     0      0      0      0      0      0      0      0      0      0      423    0      0      0      0      0      0      0      0      0      0      0      0      0      0      0      0      0      0      0      0      0      0     
0x7f1ae3b9e9a0           FMUL R80, R80, R201                                             493    0      493    6905856 220987392 220987392 32     32     0      -             -          -      0         0      0         0         0        0         0         0         -      0      0      0      0      0      0      0      0      88     0      0      0      0      0      0      0      0      0      0      405    0      0      0      0      0      0      0      0      0      0      0      0      0      0      0      0      0      0      0      0      0      0     
0x7f1ae3b9e9b0           FMUL R81, R81, R201                                             507    0      507    6905856 220987392 220987392 32     32     0      -             -          -      0         0      0         0         0        0         0         0         -      0      0      0      0      0      0      0      0      56     0      0      0      0      0      0      0      0      0      0      451    0      0      0      0      0      0      0      0      0      0      0      0      0      0      0      0      0      0      0      0      0      0     
0x7f1ae3b9e9c0           FMUL R84, R84, R201                                             538    0      538    6905856 220987392 220987392 32     32     0      -             -          -      0         0      0         0         0        0         0         0         -      0      0      0      0      0      0      0      0      99     0      0      0      0      0      0      0      0      0      0      439    0      0      0      0      0      0      0      0      0      0      0      0      0      0      0      0      0      0      0      0      0      0     
0x7f1ae3b9e9d0           FMUL R85, R85, R201                                             448    0      448    6905856 220987392 220987392 32     32     0      -             -          -      0         0      0         0         0        0         0         0         -      0      0      0      0      0      0      0      0      72     0      0      0      0      0      0      0      0      0      0      376    0      0      0      0      0      0      0      0      0      0      0      0      0      0      0      0      0      0      0      0      0      0     
0x7f1ae3b9e9e0           FMUL R30, R30, R202                                             493    0      493    6905856 220987392 220987392 32     32     0      -             -          -      0         0      0         0         0        0         0         0         -      0      0      0      0      0      0      0      0      68     0      0      0      0      0      0      0      0      0      0      425    0      0      0      0      0      0      0      0      0      0      0      0      0      0      0      0      0      0      0      0      0      0     
0x7f1ae3b9e9f0           FMUL R34, R34, R202                                             505    0      505    6905856 220987392 220987392 32     32     0      -             -          -      0         0      0         0         0        0         0         0         -      0      0      0      0      0      0      0      0      94     0      0      0      0      0      0      0      0      0      0      411    0      0      0      0      0      0      0      0      0      0      0      0      0      0      0      0      0      0      0      0      0      0     
0x7f1ae3b9ea00           FMUL R35, R35, R202                                             504    8      504    6905856 220987392 220987392 32     32     0      -             -          -      0         0      0         0         0        0         0         0         -      0      0      0      0      0      0      0      0      52     0      0      0      0      0      0      0      0      16     9      427    0      0      0      0      0      0      0      0      0      0      0      0      0      0      0      8      0      0      0      0      0      0     
0x7f1ae3b9ea10           FMUL R38, R38, R202                                             499    0      499    6905856 220987392 220987392 32     32     0      -             -          -      0         0      0         0         0        0         0         0         -      0      0      0      0      0      0      0      0      89     0      0      0      0      0      0      0      0      0      0      410    0      0      0      0      0      0      0      0      0      0      0      0      0      0      0      0      0      0      0      0      0      0     
0x7f1ae3b9ea20           FMUL R39, R39, R202                                             467    0      467    6905856 220987392 220987392 32     32     0      -             -          -      0         0      0         0         0        0         0         0         -      0      0      0      0      0      0      0      0      53     0      0      0      0      0      0      0      0      0      0      414    0      0      0      0      0      0      0      0      0      0      0      0      0      0      0      0      0      0      0      0      0      0     
0x7f1ae3b9ea30           FMUL R42, R42, R202                                             475    0      475    6905856 220987392 220987392 32     32     0      -             -          -      0         0      0         0         0        0         0         0         -      0      0      0      0      0      0      0      0      89     0      0      0      0      0      0      0      0      0      0      386    0      0      0      0      0      0      0      0      0      0      0      0      0      0      0      0      0      0      0      0      0      0     
0x7f1ae3b9ea40           FMUL R43, R43, R202                                             523    0      523    6905856 220987392 220987392 32     32     0      -             -          -      0         0      0         0         0        0         0         0         -      0      0      0      0      0      0      0      0      125    0      0      0      0      0      0      0      0      0      0      398    0      0      0      0      0      0      0      0      0      0      0      0      0      0      0      0      0      0      0      0      0      0     
0x7f1ae3b9ea50           FMUL R46, R46, R202                                             483    0      483    6905856 220987392 220987392 32     32     0      -             -          -      0         0      0         0         0        0         0         0         -      0      0      0      0      0      0      0      0      23     0      0      0      0      0      0      0      0      0      0      460    0      0      0      0      0      0      0      0      0      0      0      0      0      0      0      0      0      0      0      0      0      0     
0x7f1ae3b9ea60           FMUL R47, R47, R202                                             459    0      459    6905856 220987392 220987392 32     32     0      -             -          -      0         0      0         0         0        0         0         0         -      0      0      0      0      0      0      0      0      68     0      0      0      0      0      0      0      0      0      0      391    0      0      0      0      0      0      0      0      0      0      0      0      0      0      0      0      0      0      0      0      0      0     
0x7f1ae3b9ea70           FMUL R50, R50, R202                                             464    0      464    6905856 220987392 220987392 32     32     0      -             -          -      0         0      0         0         0        0         0         0         -      0      0      0      0      0      0      0      0      27     0      0      0      0      0      0      0      0      0      0      437    0      0      0      0      0      0      0      0      0      0      0      0      0      0      0      0      0      0      0      0      0      0     
0x7f1ae3b9ea80           FMUL R51, R51, R202                                             484    5      484    6905856 220987392 220987392 32     32     0      -             -          -      0         0      0         0         0        0         0         0         -      0      0      0      0      0      0      0      0      44     0      0      0      0      0      0      0      0      14     5      421    0      0      0      0      0      0      0      0      0      0      0      0      0      0      0      5      0      0      0      0      0      0     
0x7f1ae3b9ea90           FMUL R54, R54, R202                                             456    0      456    6905856 220987392 220987392 32     32     0      -             -          -      0         0      0         0         0        0         0         0         -      0      0      0      0      0      0      0      0      28     0      0      0      0      0      0      0      0      0      0      428    0      0      0      0      0      0      0      0      0      0      0      0      0      0      0      0      0      0      0      0      0      0     
0x7f1ae3b9eaa0           FMUL R55, R55, R202                                             454    0      454    6905856 220987392 220987392 32     32     0      -             -          -      0         0      0         0         0        0         0         0         -      0      0      0      0      0      0      0      0      47     0      0      0      0      0      0      0      0      0      0      407    0      0      0      0      0      0      0      0      0      0      0      0      0      0      0      0      0      0      0      0      0      0     
0x7f1ae3b9eab0           FMUL R58, R58, R202                                             434    0      434    6905856 220987392 220987392 32     32     0      -             -          -      0         0      0         0         0        0         0         0         -      0      0      0      0      0      0      0      0      36     0      0      0      0      0      0      0      0      0      0      398    0      0      0      0      0      0      0      0      0      0      0      0      0      0      0      0      0      0      0      0      0      0     
0x7f1ae3b9eac0           FMUL R59, R59, R202                                             456    0      456    6905856 220987392 220987392 32     32     0      -             -          -      0         0      0         0         0        0         0         0         -      0      0      0      0      0      0      0      0      46     0      0      0      0      0      0      0      0      0      0      410    0      0      0      0      0      0      0      0      0      0      0      0      0      0      0      0      0      0      0      0      0      0     
0x7f1ae3b9ead0           FMUL R62, R62, R202                                             478    0      478    6905856 220987392 220987392 32     32     0      -             -          -      0         0      0         0         0        0         0         0         -      0      0      0      0      0      0      0      0      31     0      0      0      0      0      0      0      0      0      0      447    0      0      0      0      0      0      0      0      0      0      0      0      0      0      0      0      0      0      0      0      0      0     
0x7f1ae3b9eae0           FMUL R63, R63, R202                                             444    0      444    6905856 220987392 220987392 32     32     0      -             -          -      0         0      0         0         0        0         0         0         -      0      0      0      0      0      0      0      0      29     0      0      0      0      0      0      0      0      0      0      415    0      0      0      0      0      0      0      0      0      0      0      0      0      0      0      0      0      0      0      0      0      0     
0x7f1ae3b9eaf0           FMUL R66, R66, R202                                             463    0      463    6905856 220987392 220987392 32     32     0      -             -          -      0         0      0         0         0        0         0         0         -      0      0      0      0      0      0      0      0      46     0      0      0      0      0      0      0      0      0      0      417    0      0      0      0      0      0      0      0      0      0      0      0      0      0      0      0      0      0      0      0      0      0     
0x7f1ae3b9eb00           FMUL R67, R67, R202                                             490    9      490    6905856 220987392 220987392 32     32     0      -             -          -      0         0      0         0         0        0         0         0         -      0      0      0      0      0      0      0      0      28     0      0      0      0      0      0      0      0      16     5      441    0      0      0      0      0      0      0      0      0      0      0      0      0      0      0      9      0      0      0      0      0      0     
0x7f1ae3b9eb10           FMUL R70, R70, R202                                             450    0      450    6905856 220987392 220987392 32     32     0      -             -          -      0         0      0         0         0        0         0         0         -      0      0      0      0      0      0      0      0      35     0      0      0      0      0      0      0      0      0      0      415    0      0      0      0      0      0      0      0      0      0      0      0      0      0      0      0      0      0      0      0      0      0     
0x7f1ae3b9eb20           FMUL R71, R71, R202                                             492    0      492    6905856 220987392 220987392 32     32     0      -             -          -      0         0      0         0         0        0         0         0         -      0      0      0      0      0      0      0      0      7      0      0      0      0      0      0      0      0      0      0      485    0      0      0      0      0      0      0      0      0      0      0      0      0      0      0      0      0      0      0      0      0      0     
0x7f1ae3b9eb30           FMUL R74, R74, R202                                             430    0      430    6905856 220987392 220987392 32     32     0      -             -          -      0         0      0         0         0        0         0         0         -      0      0      0      0      0      0      0      0      22     0      0      0      0      0      0      0      0      0      0      408    0      0      0      0      0      0      0      0      0      0      0      0      0      0      0      0      0      0      0      0      0      0     
0x7f1ae3b9eb40           FMUL R75, R75, R202                                             469    0      469    6905856 220987392 220987392 32     32     0      -             -          -      0         0      0         0         0        0         0         0         -      0      0      0      0      0      0      0      0      15     0      0      0      0      0      0      0      0      0      0      454    0      0      0      0      0      0      0      0      0      0      0      0      0      0      0      0      0      0      0      0      0      0     
0x7f1ae3b9eb50           FMUL R78, R78, R202                                             436    0      436    6905856 220987392 220987392 32     32     0      -             -          -      0         0      0         0         0        0         0         0         -      0      0      0      0      0      0      0      0      19     0      0      0      0      0      0      0      0      0      0      417    0      0      0      0      0      0      0      0      0      0      0      0      0      0      0      0      0      0      0      0      0      0     
0x7f1ae3b9eb60           FMUL R79, R79, R202                                             458    0      458    6905856 220987392 220987392 32     32     0      -             -          -      0         0      0         0         0        0         0         0         -      0      0      0      0      0      0      0      0      12     0      0      0      0      0      0      0      0      0      0      446    0      0      0      0      0      0      0      0      0      0      0      0      0      0      0      0      0      0      0      0      0      0     
0x7f1ae3b9eb70           FMUL R82, R82, R202                                             460    0      460    6905856 220987392 220987392 32     32     0      -             -          -      0         0      0         0         0        0         0         0         -      0      0      0      0      0      0      0      0      12     0      0      0      0      0      0      0      0      0      0      448    0      0      0      0      0      0      0      0      0      0      0      0      0      0      0      0      0      0      0      0      0      0     
0x7f1ae3b9eb80           FMUL R83, R83, R202                                             446    6      446    6905856 220987392 220987392 32     32     0      -             -          -      0         0      0         0         0        0         0         0         -      0      0      0      0      0      0      0      0      16     0      0      0      0      0      0      0      0      15     6      409    0      0      0      0      0      0      0      0      0      0      0      0      0      0      0      6      0      0      0      0      0      0     
0x7f1ae3b9eb90           FMUL R86, R86, R202                                             446    0      446    6905856 220987392 220987392 32     32     0      -             -          -      0         0      0         0         0        0         0         0         -      0      0      0      0      0      0      0      0      13     0      0      0      0      0      0      0      0      0      0      433    0      0      0      0      0      0      0      0      0      0      0      0      0      0      0      0      0      0      0      0      0      0     
0x7f1ae3b9eba0           FMUL R87, R87, R202                                             437    0      437    6905856 220987392 220987392 32     32     0      -             -          -      0         0      0         0         0        0         0         0         -      0      0      0      0      0      0      0      0      9      0      0      0      0      0      0      0      0      0      0      428    0      0      0      0      0      0      0      0      0      0      0      0      0      0      0      0      0      0      0      0      0      0     
0x7f1ae3b9ebb0           LDGDEPBAR                                                       591    138    591    6905856 220987392 220987392 32     32     0      -             -          -      0         0      0         0         0        0         0         0         -      0      0      0      0      0      0      0      0      15     0      0      0      0      0      0      166    0      0      0      410    0      0      0      0      0      0      0      0      0      0      0      0      0      138    0      0      0      0      0      0      0      0     
0x7f1ae3b9ebc0           FFMA R177, R6, R28, R177                                        448    0      448    6905856 220987392 220987392 32     32     0      -             -          -      0         0      0         0         0        0         0         0         -      0      0      0      0      0      0      0      0      13     0      0      0      0      0      0      0      0      0      0      435    0      0      0      0      0      0      0      0      0      0      0      0      0      0      0      0      0      0      0      0      0      0     
0x7f1ae3b9ebd0           FFMA R137, R6, R30, R137                                        442    0      442    6905856 220987392 220987392 32     32     0      -             -          -      0         0      0         0         0        0         0         0         -      0      0      0      0      0      0      0      0      12     0      0      0      0      0      0      0      0      0      0      430    0      0      0      0      0      0      0      0      0      0      0      0      0      0      0      0      0      0      0      0      0      0     
0x7f1ae3b9ebe0           FFMA R176, R33, R9, R176                                        21980  18287  21980  6905856 220987392 220987392 32     32     0      -             -          -      0         0      0         0         0        0         0         0         -      0      0      0      0      0      0      0      0      35     0      0      0      21243  0      0      0      0      0      286    414    2      0      0      0      0      0      0      0      0      0      18286  0      0      0      0      0      0      0      1      0      0      0     
0x7f1ae3b9ebf0           FFMA R130, R9, R35, R130                                        437    0      437    6905856 220987392 220987392 32     32     0      -             -          -      0         0      0         0         0        0         0         0         -      0      0      0      0      0      0      0      0      1      0      0      0      0      0      0      0      0      0      0      436    0      0      0      0      0      0      0      0      0      0      0      0      0      0      0      0      0      0      0      0      0      0     
0x7f1ae3b9ec00           FFMA R175, R32, R8, R175                                        427    2      427    6905856 220987392 220987392 32     32     0      -             -          -      0         0      0         0         0        0         0         0         -      0      0      0      0      0      0      0      0      2      0      0      0      0      0      0      0      0      2      4      419    0      0      0      0      0      0      0      0      0      0      0      0      0      0      0      2      0      0      0      0      0      0     
0x7f1ae3b9ec10           FFMA R135, R8, R34, R135                                        402    0      402    6905856 220987392 220987392 32     32     0      -             -          -      0         0      0         0         0        0         0         0         -      0      0      0      0      0      0      0      0      5      0      0      0      0      0      0      0      0      0      0      397    0      0      0      0      0      0      0      0      0      0      0      0      0      0      0      0      0      0      0      0      0      0     
0x7f1ae3b9ec20           FFMA R174, R11, R37, R174                                       410    0      410    6905856 220987392 220987392 32     32     0      -             -          -      0         0      0         0         0        0         0         0         -      0      0      0      0      0      0      0      0      10     0      0      0      0      0      0      0      0      0      0      400    0      0      0      0      0      0      0      0      0      0      0      0      0      0      0      0      0      0      0      0      0      0     
0x7f1ae3b9ec30           FFMA R128, R11, R39, R128                                       422    0      422    6905856 220987392 220987392 32     32     0      -             -          -      0         0      0         0         0        0         0         0         -      0      0      0      0      0      0      0      0      17     0      0      0      0      0      0      0      0      0      0      405    0      0      0      0      0      0      0      0      0      0      0      0      0      0      0      0      0      0      0      0      0      0     
0x7f1ae3b9ec40           FFMA R173, R10, R36, R173                                       976    0      976    6905856 220987392 220987392 32     32     0      -             -          -      0         0      0         0         0        0         0         0         -      0      0      0      0      0      0      0      0      561    0      0      0      0      0      0      0      0      0      0      415    0      0      0      0      0      0      0      0      0      0      0      0      0      0      0      0      0      0      0      0      0      0     
0x7f1ae3b9ec50           FFMA R131, R10, R38, R131                                       420    0      420    6905856 220987392 220987392 32     32     0      -             -          -      0         0      0         0         0        0         0         0         -      0      0      0      0      0      0      0      0      31     0      0      0      0      0      0      0      0      0      0      389    0      0      0      0      0      0      0      0      0      0      0      0      0      0      0      0      0      0      0      0      0      0     
0x7f1ae3b9ec60           FFMA R164, R41, R13, R164                                       961    0      961    6905856 220987392 220987392 32     32     0      -             -          -      0         0      0         0         0        0         0         0         -      0      0      0      0      0      0      0      0      484    0      0      0      0      0      0      0      0      0      0      477    0      0      0      0      0      0      0      0      0      0      0      0      0      0      0      0      0      0      0      0      0      0     
0x7f1ae3b9ec70           FFMA R136, R13, R43, R136                                       491    0      491    6905856 220987392 220987392 32     32     0      -             -          -      0         0      0         0         0        0         0         0         -      0      0      0      0      0      0      0      0      61     0      0      0      0      0      0      0      0      0      0      430    0      0      0      0      0      0      0      0      0      0      0      0      0      0      0      0      0      0      0      0      0      0     
0x7f1ae3b9ec80           FFMA R169, R40, R12, R169                                       521    0      521    6905856 220987392 220987392 32     32     0      -             -          -      0         0      0         0         0        0         0         0         -      0      0      0      0      0      0      0      0      75     0      0      0      0      0      0      0      0      0      0      446    0      0      0      0      0      0      0      0      0      0      0      0      0      0      0      0      0      0      0      0      0      0     
0x7f1ae3b9ec90           FFMA R141, R12, R42, R141                                       550    0      550    6905856 220987392 220987392 32     32     0      -             -          -      0         0      0         0         0        0         0         0         -      0      0      0      0      0      0      0      0      114    0      0      0      0      0      0      0      0      0      0      436    0      0      0      0      0      0      0      0      0      0      0      0      0      0      0      0      0      0      0      0      0      0     
0x7f1ae3b9eca0           FFMA R170, R15, R45, R170                                       461    0      461    6905856 220987392 220987392 32     32     0      -             -          -      0         0      0         0         0        0         0         0         -      0      0      0      0      0      0      0      0      75     0      0      0      0      0      0      0      0      0      0      386    0      0      0      0      0      0      0      0      0      0      0      0      0      0      0      0      0      0      0      0      0      0     
0x7f1ae3b9ecb0           FFMA R108, R15, R47, R108                                       681    0      681    6905856 220987392 220987392 32     32     0      -             -          -      0         0      0         0         0        0         0         0         -      0      0      0      0      0      0      0      0      271    0      0      0      0      0      0      0      0      0      0      410    0      0      0      0      0      0      0      0      0      0      0      0      0      0      0      0      0      0      0      0      0      0     
0x7f1ae3b9ecc0           FFMA R167, R14, R44, R167                                       925    0      925    6905856 220987392 220987392 32     32     0      -             -          -      0         0      0         0         0        0         0         0         -      0      0      0      0      0      0      0      0      495    0      0      0      0      0      0      0      0      0      0      430    0      0      0      0      0      0      0      0      0      0      0      0      0      0      0      0      0      0      0      0      0      0     
0x7f1ae3b9ecd0           FFMA R109, R14, R46, R109                                       489    0      489    6905856 220987392 220987392 32     32     0      -             -          -      0         0      0         0         0        0         0         0         -      0      0      0      0      0      0      0      0      43     0      0      0      0      0      0      0      0      0      0      446    0      0      0      0      0      0      0      0      0      0      0      0      0      0      0      0      0      0      0      0      0      0     
0x7f1ae3b9ece0           FFMA R168, R49, R17, R168                                       882    0      882    6905856 220987392 220987392 32     32     0      -             -          -      0         0      0         0         0        0         0         0         -      0      0      0      0      0      0      0      0      473    0      0      0      0      0      0      0      0      0      0      409    0      0      0      0      0      0      0      0      0      0      0      0      0      0      0      0      0      0      0      0      0      0     
0x7f1ae3b9ecf0           FFMA R124, R17, R51, R124                                       517    0      517    6905856 220987392 220987392 32     32     0      -             -          -      0         0      0         0         0        0         0         0         -      0      0      0      0      0      0      0      0      75     0      0      0      0      0      0      0      0      0      0      442    0      0      0      0      0      0      0      0      0      0      0      0      0      0      0      0      0      0      0      0      0      0     
0x7f1ae3b9ed00           FFMA R165, R48, R16, R165                                       512    0      512    6905856 220987392 220987392 32     32     0      -             -          -      0         0      0         0         0        0         0         0         -      0      0      0      0      0      0      0      0      55     0      0      0      0      0      0      0      0      0      0      457    0      0      0      0      0      0      0      0      0      0      0      0      0      0      0      0      0      0      0      0      0      0     
0x7f1ae3b9ed10           FFMA R117, R16, R50, R117                                       585    0      585    6905856 220987392 220987392 32     32     0      -             -          -      0         0      0         0         0        0         0         0         -      0      0      0      0      0      0      0      0      187    0      0      0      0      0      0      0      0      0      0      398    0      0      0      0      0      0      0      0      0      0      0      0      0      0      0      0      0      0      0      0      0      0     
0x7f1ae3b9ed20           FFMA R166, R19, R53, R166                                       509    0      509    6905856 220987392 220987392 32     32     0      -             -          -      0         0      0         0         0        0         0         0         -      0      0      0      0      0      0      0      0      56     0      0      0      0      0      0      0      0      0      0      453    0      0      0      0      0      0      0      0      0      0      0      0      0      0      0      0      0      0      0      0      0      0     
0x7f1ae3b9ed30           FFMA R110, R19, R55, R110                                       717    0      717    6905856 220987392 220987392 32     32     0      -             -          -      0         0      0         0         0        0         0         0         -      0      0      0      0      0      0      0      0      266    0      0      0      0      0      0      0      0      0      0      451    0      0      0      0      0      0      0      0      0      0      0      0      0      0      0      0      0      0      0      0      0      0     
0x7f1ae3b9ed40           FFMA R161, R18, R52, R161                                       870    0      870    6905856 220987392 220987392 32     32     0      -             -          -      0         0      0         0         0        0         0         0         -      0      0      0      0      0      0      0      0      456    0      0      0      0      0      0      0      0      0      0      414    0      0      0      0      0      0      0      0      0      0      0      0      0      0      0      0      0      0      0      0      0      0     
0x7f1ae3b9ed50           FFMA R111, R18, R54, R111                                       466    0      466    6905856 220987392 220987392 32     32     0      -             -          -      0         0      0         0         0        0         0         0         -      0      0      0      0      0      0      0      0      37     0      0      0      0      0      0      0      0      0      0      429    0      0      0      0      0      0      0      0      0      0      0      0      0      0      0      0      0      0      0      0      0      0     
0x7f1ae3b9ed60           FFMA R138, R57, R21, R138                                       890    0      890    6905856 220987392 220987392 32     32     0      -             -          -      0         0      0         0         0        0         0         0         -      0      0      0      0      0      0      0      0      470    0      0      0      0      0      0      0      0      0      0      420    0      0      0      0      0      0      0      0      0      0      0      0      0      0      0      0      0      0      0      0      0      0     
0x7f1ae3b9ed70           FFMA R114, R21, R59, R114                                       461    0      461    6905856 220987392 220987392 32     32     0      -             -          -      0         0      0         0         0        0         0         0         -      0      0      0      0      0      0      0      0      44     0      0      0      0      0      0      0      0      0      0      417    0      0      0      0      0      0      0      0      0      0      0      0      0      0      0      0      0      0      0      0      0      0     
0x7f1ae3b9ed80           FFMA R149, R56, R20, R149                                       511    0      511    6905856 220987392 220987392 32     32     0      -             -          -      0         0      0         0         0        0         0         0         -      0      0      0      0      0      0      0      0      59     0      0      0      0      0      0      0      0      0      0      452    0      0      0      0      0      0      0      0      0      0      0      0      0      0      0      0      0      0      0      0      0      0     
0x7f1ae3b9ed90           FFMA R113, R20, R58, R113                                       667    0      667    6905856 220987392 220987392 32     32     0      -             -          -      0         0      0         0         0        0         0         0         -      0      0      0      0      0      0      0      0      196    0      0      0      0      0      0      0      0      0      0      471    0      0      0      0      0      0      0      0      0      0      0      0      0      0      0      0      0      0      0      0      0      0     
0x7f1ae3b9eda0           FFMA R146, R23, R61, R146                                       423    0      423    6905856 220987392 220987392 32     32     0      -             -          -      0         0      0         0         0        0         0         0         -      0      0      0      0      0      0      0      0      43     0      0      0      0      0      0      0      0      0      0      380    0      0      0      0      0      0      0      0      0      0      0      0      0      0      0      0      0      0      0      0      0      0     
0x7f1ae3b9edb0           FFMA R112, R23, R63, R112                                       717    0      717    6905856 220987392 220987392 32     32     0      -             -          -      0         0      0         0         0        0         0         0         -      0      0      0      0      0      0      0      0      278    0      0      0      0      0      0      0      0      0      0      439    0      0      0      0      0      0      0      0      0      0      0      0      0      0      0      0      0      0      0      0      0      0     
0x7f1ae3b9edc0           FFMA R147, R22, R60, R147                                       915    0      915    6905856 220987392 220987392 32     32     0      -             -          -      0         0      0         0         0        0         0         0         -      0      0      0      0      0      0      0      0      463    0      0      0      0      0      0      0      0      0      0      452    0      0      0      0      0      0      0      0      0      0      0      0      0      0      0      0      0      0      0      0      0      0     
0x7f1ae3b9edd0           FFMA R115, R22, R62, R115                                       446    0      446    6905856 220987392 220987392 32     32     0      -             -          -      0         0      0         0         0        0         0         0         -      0      0      0      0      0      0      0      0      33     0      0      0      0      0      0      0      0      0      0      413    0      0      0      0      0      0      0      0      0      0      0      0      0      0      0      0      0      0      0      0      0      0     
0x7f1ae3b9ede0           FFMA R144, R65, R89, R144                                       927    0      927    6905856 220987392 220987392 32     32     0      -             -          -      0         0      0         0         0        0         0         0         -      0      0      0      0      0      0      0      0      460    0      0      0      0      0      0      0      0      0      0      467    0      0      0      0      0      0      0      0      0      0      0      0      0      0      0      0      0      0      0      0      0      0     
0x7f1ae3b9edf0           FFMA R116, R89, R67, R116                                       460    0      460    6905856 220987392 220987392 32     32     0      -             -          -      0         0      0         0         0        0         0         0         -      0      0      0      0      0      0      0      0      39     0      0      0      0      0      0      0      0      0      0      421    0      0      0      0      0      0      0      0      0      0      0      0      0      0      0      0      0      0      0      0      0      0     
0x7f1ae3b9ee00           FFMA R145, R64, R88, R145                                       472    0      472    6905856 220987392 220987392 32     32     0      -             -          -      0         0      0         0         0        0         0         0         -      0      0      0      0      0      0      0      0      40     0      0      0      0      0      0      0      0      0      0      432    0      0      0      0      0      0      0      0      0      0      0      0      0      0      0      0      0      0      0      0      0      0     
0x7f1ae3b9ee10           FFMA R129, R88, R66, R129                                       612    0      612    6905856 220987392 220987392 32     32     0      -             -          -      0         0      0         0         0        0         0         0         -      0      0      0      0      0      0      0      0      182    0      0      0      0      0      0      0      0      0      0      430    0      0      0      0      0      0      0      0      0      0      0      0      0      0      0      0      0      0      0      0      0      0     
0x7f1ae3b9ee20           FFMA R142, R91, R69, R142                                       470    0      470    6905856 220987392 220987392 32     32     0      -             -          -      0         0      0         0         0        0         0         0         -      0      0      0      0      0      0      0      0      44     0      0      0      0      0      0      0      0      0      0      426    0      0      0      0      0      0      0      0      0      0      0      0      0      0      0      0      0      0      0      0      0      0     
0x7f1ae3b9ee30           FFMA R0, R91, R71, R0                                           718    0      718    6905856 220987392 220987392 32     32     0      -             -          -      0         0      0         0         0        0         0         0         -      0      0      0      0      0      0      0      0      290    0      0      0      0      0      0      0      0      0      0      428    0      0      0      0      0      0      0      0      0      0      0      0      0      0      0      0      0      0      0      0      0      0     
0x7f1ae3b9ee40           FFMA R143, R90, R68, R143                                       849    0      849    6905856 220987392 220987392 32     32     0      -             -          -      0         0      0         0         0        0         0         0         -      0      0      0      0      0      0      0      0      441    0      0      0      0      0      0      0      0      0      0      408    0      0      0      0      0      0      0      0      0      0      0      0      0      0      0      0      0      0      0      0      0      0     
0x7f1ae3b9ee50           FFMA R125, R90, R70, R125                                       444    0      444    6905856 220987392 220987392 32     32     0      -             -          -      0         0      0         0         0        0         0         0         -      0      0      0      0      0      0      0      0      26     0      0      0      0      0      0      0      0      0      0      418    0      0      0      0      0      0      0      0      0      0      0      0      0      0      0      0      0      0      0      0      0      0     
0x7f1ae3b9ee60           FFMA R140, R73, R93, R140                                       901    0      901    6905856 220987392 220987392 32     32     0      -             -          -      0         0      0         0         0        0         0         0         -      0      0      0      0      0      0      0      0      470    0      0      0      0      0      0      0      0      0      0      431    0      0      0      0      0      0      0      0      0      0      0      0      0      0      0      0      0      0      0      0      0      0     
0x7f1ae3b9ee70           FFMA R126, R93, R75, R126                                       446    0      446    6905856 220987392 220987392 32     32     0      -             -          -      0         0      0         0         0        0         0         0         -      0      0      0      0      0      0      0      0      18     0      0      0      0      0      0      0      0      0      0      428    0      0      0      0      0      0      0      0      0      0      0      0      0      0      0      0      0      0      0      0      0      0     
0x7f1ae3b9ee80           FFMA R153, R72, R92, R153                                       455    0      455    6905856 220987392 220987392 32     32     0      -             -          -      0         0      0         0         0        0         0         0         -      0      0      0      0      0      0      0      0      19     0      0      0      0      0      0      0      0      0      0      436    0      0      0      0      0      0      0      0      0      0      0      0      0      0      0      0      0      0      0      0      0      0     
0x7f1ae3b9ee90           FFMA R127, R92, R74, R127                                       619    0      619    6905856 220987392 220987392 32     32     0      -             -          -      0         0      0         0         0        0         0         0         -      0      0      0      0      0      0      0      0      189    0      0      0      0      0      0      0      0      0      0      430    0      0      0      0      0      0      0      0      0      0      0      0      0      0      0      0      0      0      0      0      0      0     
0x7f1ae3b9eea0           FFMA R152, R95, R77, R152                                       454    0      454    6905856 220987392 220987392 32     32     0      -             -          -      0         0      0         0         0        0         0         0         -      0      0      0      0      0      0      0      0      22     0      0      0      0      0      0      0      0      0      0      432    0      0      0      0      0      0      0      0      0      0      0      0      0      0      0      0      0      0      0      0      0      0     
0x7f1ae3b9eeb0           FFMA R122, R95, R79, R122                                       664    0      664    6905856 220987392 220987392 32     32     0      -             -          -      0         0      0         0         0        0         0         0         -      0      0      0      0      0      0      0      0      233    0      0      0      0      0      0      0      0      0      0      431    0      0      0      0      0      0      0      0      0      0      0      0      0      0      0      0      0      0      0      0      0      0     
0x7f1ae3b9eec0           FFMA R151, R94, R76, R151                                       885    0      885    6905856 220987392 220987392 32     32     0      -             -          -      0         0      0         0         0        0         0         0         -      0      0      0      0      0      0      0      0      435    0      0      0      0      0      0      0      0      0      0      450    0      0      0      0      0      0      0      0      0      0      0      0      0      0      0      0      0      0      0      0      0      0     
0x7f1ae3b9eed0           FFMA R123, R94, R78, R123                                       461    0      461    6905856 220987392 220987392 32     32     0      -             -          -      0         0      0         0         0        0         0         0         -      0      0      0      0      0      0      0      0      19     0      0      0      0      0      0      0      0      0      0      442    0      0      0      0      0      0      0      0      0      0      0      0      0      0      0      0      0      0      0      0      0      0     
0x7f1ae3b9eee0           FFMA R150, R81, R97, R150                                       873    0      873    6905856 220987392 220987392 32     32     0      -             -          -      0         0      0         0         0        0         0         0         -      0      0      0      0      0      0      0      0      448    0      0      0      0      0      0      0      0      0      0      425    0      0      0      0      0      0      0      0      0      0      0      0      0      0      0      0      0      0      0      0      0      0     
0x7f1ae3b9eef0           FFMA R118, R97, R83, R118                                       429    0      429    6905856 220987392 220987392 32     32     0      -             -          -      0         0      0         0         0        0         0         0         -      0      0      0      0      0      0      0      0      11     0      0      0      0      0      0      0      0      0      0      418    0      0      0      0      0      0      0      0      0      0      0      0      0      0      0      0      0      0      0      0      0      0     
0x7f1ae3b9ef00           FFMA R155, R80, R96, R155                                       454    0      454    6905856 220987392 220987392 32     32     0      -             -          -      0         0      0         0         0        0         0         0         -      0      0      0      0      0      0      0      0      22     0      0      0      0      0      0      0      0      0      0      432    0      0      0      0      0      0      0      0      0      0      0      0      0      0      0      0      0      0      0      0      0      0     
0x7f1ae3b9ef10           FFMA R121, R96, R82, R121                                       642    0      642    6905856 220987392 220987392 32     32     0      -             -          -      0         0      0         0         0        0         0         0         -      0      0      0      0      0      0      0      0      205    0      0      0      0      0      0      0      0      0      0      437    0      0      0      0      0      0      0      0      0      0      0      0      0      0      0      0      0      0      0      0      0      0     
0x7f1ae3b9ef20           FFMA R148, R99, R85, R148                                       421    0      421    6905856 220987392 220987392 32     32     0      -             -          -      0         0      0         0         0        0         0         0         -      0      0      0      0      0      0      0      0      14     0      0      0      0      0      0      0      0      0      0      407    0      0      0      0      0      0      0      0      0      0      0      0      0      0      0      0      0      0      0      0      0      0     
0x7f1ae3b9ef30           FFMA R120, R99, R87, R120                                       635    0      635    6905856 220987392 220987392 32     32     0      -             -          -      0         0      0         0         0        0         0         0         -      0      0      0      0      0      0      0      0      203    0      0      0      0      0      0      0      0      0      0      432    0      0      0      0      0      0      0      0      0      0      0      0      0      0      0      0      0      0      0      0      0      0     
0x7f1ae3b9ef40           IMAD.X R182, RZ, RZ, R182, P6                                   1733   107    1733   6905856 220987392 220987392 32     32     0      -             -          -      0         0      0         0         0        0         0         0         -      0      0      0      0      0      0      0      0      82     0      0      0      0      1033   0      0      0      0      187    431    0      0      0      0      0      0      6      0      0      0      0      101    0      0      0      0      0      0      0      0      0      0     
0x7f1ae3b9ef50           FFMA R133, R98, R84, R133                                       1568   258    1568   6905856 220987392 220987392 32     32     0      -             -          -      0         0      0         0         0        0         0         0         -      0      0      0      0      0      0      0      0      29     0      0      0      0      0      0      0      0      0      321    441    0      0      0      777    0      0      8      0      0      0      0      0      0      0      0      0      0      0      0      0      0      250   
0x7f1ae3b9ef60           FFMA R119, R98, R86, R119                                       449    0      449    6905856 220987392 220987392 32     32     0      -             -          -      0         0      0         0         0        0         0         0         -      0      0      0      0      0      0      0      0      13     0      0      0      0      0      0      0      0      0      0      436    0      0      0      0      0      0      0      0      0      0      0      0      0      0      0      0      0      0      0      0      0      0     
0x7f1ae3b9ef70     @!P1  BRA 0x7f1ae3b9d6e0                                              568    75     568    6905856 220987392 219836416 32     31     0      -             -          -      0         0      0         0         0        0         0         0         -      0      0      0      0      0      0      0      0      3      0      0      0      80     0      0      0      0      0      5      480    0      0      0      0      0      0      0      0      0      0      75     0      0      0      0      0      0      0      0      0      0      0     
0x7f1ae3b9ef80           S2R R28, SR_TID.X                                               2152   1077   2152   35968   1150976   1150976   32     32     0      -             -          -      0         0      0         0         0        0         0         0         -      0      0      0      0      0      0      0      24     0      0      0      0      0      0      0      0      0      0      3      424    0      0      0      1701   0      21     0      0      0      0      0      0      0      0      0      0      0      0      0      0      0      1056  
0x7f1ae3b9ef90           DEPBAR.LE SB0, 0x0                                              2      0      2      35968   1150976   1150976   32     32     0      -             -          -      0         0      0         0         0        0         0         0         -      0      0      0      0      0      0      0      0      0      0      0      0      0      0      0      0      0      0      0      2      0      0      0      0      0      0      0      0      0      0      0      0      0      0      0      0      0      0      0      0      0      0     
0x7f1ae3b9efa0           F2FP.BF16.F32.PACK_AB R179, R180, R179                          81     41     81     35968   1150976   1150976   32     32     0      -             -          -      0         0      0         0         0        0         0         0         -      0      0      0      0      0      0      0      0      1      0      0      0      58     1      0      0      0      0      17     1      0      0      0      3      0      0      0      0      0      0      40     0      0      0      0      0      0      0      0      0      0      1     
0x7f1ae3b9efb0           ULDC.64 UR4, c[0x0][0x230]                                      2      0      2      35968   1150976   1150976   32     32     0      -             -          -      0         0      0         0         0        0         0         0         -      0      0      0      0      0      0      0      0      0      0      0      0      0      0      0      0      0      0      0      2      0      0      0      0      0      0      0      0      0      0      0      0      0      0      0      0      0      0      0      0      0      0     
0x7f1ae3b9efc0           ISETP.LT.U32.AND P2, PT, R157, R106, !P0                        5      0      5      35968   1150976   1150976   32     32     0      -             -          -      0         0      0         0         0        0         0         0         -      0      0      0      0      0      0      0      0      0      0      0      0      0      0      0      0      0      0      0      5      0      0      0      0      0      0      0      0      0      0      0      0      0      0      0      0      0      0      0      0      0      0     
0x7f1ae3b9efd0           F2FP.BF16.F32.PACK_AB R6, R176, R175                            21     3      21     35968   1150976   1150976   32     32     0      -             -          -      0         0      0         0         0        0         0         0         -      0      0      0      0      0      0      0      0      3      0      0      0      0      2      0      0      0      0      9      3      0      0      0      4      0      0      0      0      0      0      0      1      0      0      0      0      0      0      0      0      0      2     
0x7f1ae3b9efe0           F2FP.BF16.F32.PACK_AB R8, R174, R173                            8      0      8      35968   1150976   1150976   32     32     0      -             -          -      0         0      0         0         0        0         0         0         -      0      0      0      0      0      0      0      0      0      0      0      0      0      0      0      0      0      0      4      4      0      0      0      0      0      0      0      0      0      0      0      0      0      0      0      0      0      0      0      0      0      0     
0x7f1ae3b9eff0           F2FP.BF16.F32.PACK_AB R4, R178, R177                            5      3      5      35968   1150976   1150976   32     32     0      -             -          -      0         0      0         0         0        0         0         0         -      0      0      0      0      0      0      0      0      0      0      0      0      0      1      0      0      0      0      0      1      0      0      0      3      0      0      0      0      0      0      0      0      0      0      0      0      0      0      0      0      0      3     
0x7f1ae3b9f000           PRMT R9, R8, 0x7632, R9                                         25     4      25     35968   1150976   1150976   32     32     0      -             -          -      0         0      0         0         0        0         0         0         -      0      0      0      0      0      0      0      0      4      0      0      0      0      1      0      0      0      0      16     1      0      0      0      3      0      0      0      0      0      0      0      1      0      0      0      0      0      0      0      0      0      3     
0x7f1ae3b9f010           SEL R10, R4, RZ, P2                                             30     1      30     35968   1150976   1150976   32     32     0      -             -          -      0         0      0         0         0        0         0         0         -      0      0      0      0      0      0      0      0      0      0      0      0      0      3      0      0      0      0      24     1      0      0      0      2      0      0      0      0      0      0      0      0      0      0      0      0      0      0      0      0      0      1     
0x7f1ae3b9f020           SEL R9, R9, RZ, P2                                              11     4      11     35968   1150976   1150976   32     32     0      -             -          -      0         0      0         0         0        0         0         0         -      0      0      0      0      0      0      0      0      3      0      0      0      0      0      0      0      0      0      3      1      0      0      0      4      0      0      0      0      0      0      0      0      0      0      0      0      0      0      0      0      0      4     
0x7f1ae3b9f030           SEL R8, R8, RZ, P2                                              10     4      10     35968   1150976   1150976   32     32     0      -             -          -      0         0      0         0         0        0         0         0         -      0      0      0      0      0      0      0      0      2      0      0      0      0      0      0      0      0      0      1      3      0      0      0      4      0      0      0      0      0      0      0      0      0      0      0      0      0      0      0      0      0      4     
0x7f1ae3b9f040           SHF.R.S32.HI R30, RZ, 0x1f, R107                                12     3      12     35968   1150976   1150976   32     32     0      -             -          -      0         0      0         0         0        0         0         0         -      0      0      0      0      0      0      0      0      2      0      0      0      0      0      0      0      0      0      3      3      0      0      0      4      0      0      0      0      0      0      0      0      0      0      0      0      0      0      0      0      0      3     
0x7f1ae3b9f050           F2FP.BF16.F32.PACK_AB R164, R164, R169                          9      1      9      35968   1150976   1150976   32     32     0      -             -          -      0         0      0         0         0        0         0         0         -      0      0      0      0      0      0      0      0      1      0      0      0      0      1      0      0      0      0      3      2      0      0      0      2      0      0      0      0      0      0      0      0      0      0      0      0      0      0      0      0      0      1     
0x7f1ae3b9f060           F2FP.BF16.F32.PACK_AB R12, R168, R165                           14     3      14     35968   1150976   1150976   32     32     0      -             -          -      0         0      0         0         0        0         0         0         -      0      0      0      0      0      0      0      0      1      0      0      0      0      0      0      0      0      0      8      1      0      0      0      4      0      0      0      0      0      0      0      0      0      0      0      0      0      0      0      0      0      3     
0x7f1ae3b9f070           F2FP.BF16.F32.PACK_AB R161, R166, R161                          11     3      11     35968   1150976   1150976   32     32     0      -             -          -      0         0      0         0         0        0         0         0         -      0      0      0      0      0      0      0      0      0      0      0      0      0      1      0      0      0      0      6      1      0      0      0      3      0      0      0      0      0      0      0      0      0      0      0      0      0      0      0      0      0      3     
0x7f1ae3b9f080           PRMT R13, R12, 0x7632, R13                                      13     1      13     35968   1150976   1150976   32     32     0      -             -          -      0         0      0         0         0        0         0         0         -      0      0      0      0      0      0      0      0      1      0      0      0      0      1      0      0      0      0      7      3      0      0      0      1      0      0      0      0      0      0      0      0      0      0      0      0      0      0      0      0      0      1     
0x7f1ae3b9f090           IMAD.SHL.U32 R2, R28, 0x10, RZ                                  10     1      10     35968   1150976   1150976   32     32     0      -             -          -      0         0      0         0         0        0         0         0         -      0      0      0      0      0      0      0      0      0      0      0      0      0      1      0      0      0      0      3      2      4      0      0      0      0      0      0      0      0      0      0      0      0      0      0      0      0      0      1      0      0      0     
0x7f1ae3b9f0a0           LOP3.LUT R5, R28, 0x3, RZ, 0xc0, !PT                            3      0      3      35968   1150976   1150976   32     32     0      -             -          -      0         0      0         0         0        0         0         0         -      0      0      0      0      0      0      0      0      0      0      0      0      0      0      0      0      0      0      0      3      0      0      0      0      0      0      0      0      0      0      0      0      0      0      0      0      0      0      0      0      0      0     
0x7f1ae3b9f0b0           IMAD.SHL.U32 R7, R28, 0x4, RZ                                   2      0      2      35968   1150976   1150976   32     32     0      -             -          -      0         0      0         0         0        0         0         0         -      0      0      0      0      0      0      0      0      1      0      0      0      0      0      0      0      0      0      0      1      0      0      0      0      0      0      0      0      0      0      0      0      0      0      0      0      0      0      0      0      0      0     
0x7f1ae3b9f0c0           LOP3.LUT R26, R28, 0x7c, RZ, 0xc0, !PT                          2      0      2      35968   1150976   1150976   32     32     0      -             -          -      0         0      0         0         0        0         0         0         -      0      0      0      0      0      0      0      0      0      0      0      0      0      0      0      0      0      0      0      2      0      0      0      0      0      0      0      0      0      0      0      0      0      0      0      0      0      0      0      0      0      0     
0x7f1ae3b9f0d0           IMAD.SHL.U32 R3, R28, 0x100, RZ                                 0      0      0      35968   1150976   1150976   32     32     0      -             -          -      0         0      0         0         0        0         0         0         -      0      0      0      0      0      0      0      0      0      0      0      0      0      0      0      0      0      0      0      0      0      0      0      0      0      0      0      0      0      0      0      0      0      0      0      0      0      0      0      0      0      0     
0x7f1ae3b9f0e0           LOP3.LUT R2, R2, 0x780, RZ, 0xc0, !PT                           4      0      4      35968   1150976   1150976   32     32     0      -             -          -      0         0      0         0         0        0         0         0         -      0      0      0      0      0      0      0      0      0      0      0      0      0      0      0      0      0      0      0      4      0      0      0      0      0      0      0      0      0      0      0      0      0      0      0      0      0      0      0      0      0      0     
0x7f1ae3b9f0f0           IMAD.SHL.U32 R39, R5, 0x20, RZ                                  1      0      1      35968   1150976   1150976   32     32     0      -             -          -      0         0      0         0         0        0         0         0         -      0      0      0      0      0      0      0      0      0      0      0      0      0      0      0      0      0      0      0      1      0      0      0      0      0      0      0      0      0      0      0      0      0      0      0      0      0      0      0      0      0      0     
0x7f1ae3b9f100           SHF.R.U32.HI R29, RZ, 0x4, R28                                  2      0      2      35968   1150976   1150976   32     32     0      -             -          -      0         0      0         0         0        0         0         0         -      0      0      0      0      0      0      0      0      0      0      0      0      0      0      0      0      0      0      0      2      0      0      0      0      0      0      0      0      0      0      0      0      0      0      0      0      0      0      0      0      0      0     
0x7f1ae3b9f110           IMAD.SHL.U32 R26, R26, 0x4, RZ                                  5      0      5      35968   1150976   1150976   32     32     0      -             -          -      0         0      0         0         0        0         0         0         -      0      0      0      0      0      0      0      0      0      0      0      0      0      0      0      0      0      0      0      5      0      0      0      0      0      0      0      0      0      0      0      0      0      0      0      0      0      0      0      0      0      0     
0x7f1ae3b9f120           LOP3.LUT R2, R2, 0x10, R7, 0xf8, !PT                            2      0      2      35968   1150976   1150976   32     32     0      -             -          -      0         0      0         0         0        0         0         0         -      0      0      0      0      0      0      0      0      0      0      0      0      0      0      0      0      0      0      0      2      0      0      0      0      0      0      0      0      0      0      0      0      0      0      0      0      0      0      0      0      0      0     
0x7f1ae3b9f130           IMAD.SHL.U32 R27, R28, 0x8, RZ                                  1      0      1      35968   1150976   1150976   32     32     0      -             -          -      0         0      0         0         0        0         0         0         -      0      0      0      0      0      0      0      0      0      0      0      0      0      0      0      0      0      0      0      1      0      0      0      0      0      0      0      0      0      0      0      0      0      0      0      0      0      0      0      0      0      0     
0x7f1ae3b9f140           LOP3.LUT R3, R39, 0x1800, R3, 0xf8, !PT                         6      0      6      35968   1150976   1150976   32     32     0      -             -          -      0         0      0         0         0        0         0         0         -      0      0      0      0      0      0      0      0      1      0      0      0      0      0      0      0      0      0      0      5      0      0      0      0      0      0      0      0      0      0      0      0      0      0      0      0      0      0      0      0      0      0     
0x7f1ae3b9f150           SGXT.U32 R29, R29, 0x3                                          31     2      31     35968   1150976   1150976   32     32     0      -             -          -      0         0      0         0         0        0         0         0         -      0      0      0      0      0      0      0      0      7      0      0      0      0      1      0      0      0      0      16     4      0      0      0      3      0      0      0      0      0      0      0      0      0      0      0      0      0      0      0      0      0      2     
0x7f1ae3b9f160           IMAD R2, R5, 0x800, R2                                          7      0      7      35968   1150976   1150976   32     32     0      -             -          -      0         0      0         0         0        0         0         0         -      0      0      0      0      0      0      0      0      1      0      0      0      0      0      0      0      0      0      0      6      0      0      0      0      0      0      0      0      0      0      0      0      0      0      0      0      0      0      0      0      0      0     
0x7f1ae3b9f170           LOP3.LUT R26, R3, R26, RZ, 0x3c, !PT                            1      0      1      35968   1150976   1150976   32     32     0      -             -          -      0         0      0         0         0        0         0         0         -      0      0      0      0      0      0      0      0      0      0      0      0      0      0      0      0      0      0      0      1      0      0      0      0      0      0      0      0      0      0      0      0      0      0      0      0      0      0      0      0      0      0     
0x7f1ae3b9f180           BAR.SYNC.DEFER_BLOCKING 0x0                                     11     2      11     35968   1150976   1150976   32     32     0      -             -          -      0         0      0         0         0        0         0         0         -      0      0      0      0      0      0      0      0      0      0      0      0      0      0      0      0      0      5      0      6      0      0      0      0      0      0      0      0      0      0      0      0      0      0      0      2      0      0      0      0      0      0     
0x7f1ae3b9f190           PRMT R3, R179, 0x7632, R3                                       3      0      3      35968   1150976   1150976   32     32     0      -             -          -      0         0      0         0         0        0         0         0         -      0      0      0      0      0      0      0      0      0      0      0      0      0      0      0      0      0      0      0      3      0      0      0      0      0      0      0      0      0      0      0      0      0      0      0      0      0      0      0      0      0      0     
0x7f1ae3b9f1a0           IMAD.IADD R39, R39, 0x1, R2                                     3      0      3      35968   1150976   1150976   32     32     0      -             -          -      0         0      0         0         0        0         0         0         -      0      0      0      0      0      0      0      0      0      0      0      0      0      0      0      0      0      0      0      3      0      0      0      0      0      0      0      0      0      0      0      0      0      0      0      0      0      0      0      0      0      0     
0x7f1ae3b9f1b0           PRMT R2, R179, 0x7610, R2                                       1      0      1      35968   1150976   1150976   32     32     0      -             -          -      0         0      0         0         0        0         0         0         -      0      0      0      0      0      0      0      0      0      0      0      0      0      0      0      0      0      0      0      1      0      0      0      0      0      0      0      0      0      0      0      0      0      0      0      0      0      0      0      0      0      0     
0x7f1ae3b9f1c0           PRMT R7, R6, 0x7632, R7                                         11     3      11     35968   1150976   1150976   32     32     0      -             -          -      0         0      0         0         0        0         0         0         -      0      0      0      0      0      0      0      0      1      0      0      0      0      0      0      0      0      0      7      0      0      0      0      3      0      0      0      0      0      0      0      0      0      0      0      0      0      0      0      0      0      3     
0x7f1ae3b9f1d0           SEL R3, R3, RZ, P2                                              8      4      8      35968   1150976   1150976   32     32     0      -             -          -      0         0      0         0         0        0         0         0         -      0      0      0      0      0      0      0      0      0      0      0      0      0      0      0      0      0      0      2      2      0      0      0      4      0      0      0      0      0      0      0      0      0      0      0      0      0      0      0      0      0      4     
0x7f1ae3b9f1e0           SEL R2, R2, RZ, P2                                              3      1      3      35968   1150976   1150976   32     32     0      -             -          -      0         0      0         0         0        0         0         0         -      0      0      0      0      0      0      0      0      0      0      0      0      0      0      0      0      0      0      2      0      0      0      0      1      0      0      0      0      0      0      0      0      0      0      0      0      0      0      0      0      0      1     
0x7f1ae3b9f1f0           LOP3.LUT R29, R29, UR8, RZ, 0xfc, !PT                           4      2      4      35968   1150976   1150976   32     32     0      -             -          -      0         0      0         0         0        0         0         0         -      0      0      0      0      0      0      0      0      0      0      0      0      0      0      0      0      0      0      1      1      0      0      0      2      0      0      0      0      0      0      0      0      0      0      0      0      0      0      0      0      0      2     
0x7f1ae3b9f200           PRMT R5, R4, 0x7632, R5                                         10     4      10     35968   1150976   1150976   32     32     0      -             -          -      0         0      0         0         0        0         0         0         -      0      0      0      0      0      0      0      0      0      0      0      0      0      0      0      0      0      1      2      4      0      0      0      3      0      0      0      0      0      0      0      0      0      0      0      1      0      0      0      0      0      3     
0x7f1ae3b9f210           SEL R7, R7, RZ, P2                                              5      2      5      35968   1150976   1150976   32     32     0      -             -          -      0         0      0         0         0        0         0         0         -      0      0      0      0      0      0      0      0      0      0      0      0      0      0      0      0      0      0      1      2      0      0      0      2      0      0      0      0      0      0      0      0      0      0      0      0      0      0      0      0      0      2     
0x7f1ae3b9f220           SEL R6, R6, RZ, P2                                              4      1      4      35968   1150976   1150976   32     32     0      -             -          -      0         0      0         0         0        0         0         0         -      0      0      0      0      0      0      0      0      0      0      0      0      0      0      0      0      0      0      3      0      0      0      0      1      0      0      0      0      0      0      0      0      0      0      0      0      0      0      0      0      0      1     
0x7f1ae3b9f230           PRMT R4, R2, 0x5410, R3                                         6      3      6      35968   1150976   1150976   32     32     0      -             -          -      0         0      0         0         0        0         0         0         -      0      0      0      0      0      0      0      0      0      0      0      0      0      0      0      0      0      0      2      1      0      0      0      3      0      0      0      0      0      0      0      0      0      0      0      0      0      0      0      0      0      3     
0x7f1ae3b9f240           IADD3 R3, P3, R107, R29, RZ                                     9      3      9      35968   1150976   1150976   32     32     0      -             -          -      0         0      0         0         0        0         0         0         -      0      0      0      0      0      0      0      0      0      0      0      0      0      0      0      0      0      0      1      3      0      0      0      5      0      0      0      0      0      0      0      0      0      0      0      0      0      0      0      0      0      3     
0x7f1ae3b9f250           SEL R5, R5, RZ, P2                                              7      3      7      35968   1150976   1150976   32     32     0      -             -          -      0         0      0         0         0        0         0         0         -      0      0      0      0      0      0      0      0      0      0      0      0      0      0      0      0      0      0      2      2      0      0      0      3      0      0      0      0      0      0      0      0      0      0      0      0      0      0      0      0      0      3     
0x7f1ae3b9f260           PRMT R6, R6, 0x5410, R7                                         7      4      7      35968   1150976   1150976   32     32     0      -             -          -      0         0      0         0         0        0         0         0         -      0      0      0      0      0      0      0      0      0      0      0      0      0      0      0      0      0      0      2      0      0      0      0      5      0      0      0      0      0      0      0      0      0      0      0      0      0      0      0      0      0      4     
0x7f1ae3b9f270           PRMT R7, R8, 0x5410, R9                                         6      1      6      35968   1150976   1150976   32     32     0      -             -          -      0         0      0         0         0        0         0         0         -      0      0      0      0      0      0      0      0      0      0      0      0      0      0      0      0      0      0      2      2      0      0      0      2      0      0      0      0      0      0      0      0      0      0      0      0      0      0      0      0      0      1     
0x7f1ae3b9f280           IMAD.X R8, RZ, RZ, R30, P3                                      3      0      3      35968   1150976   1150976   32     32     0      -             -          -      0         0      0         0         0        0         0         0         -      0      0      0      0      0      0      0      0      0      0      0      0      0      0      0      0      0      0      1      2      0      0      0      0      0      0      0      0      0      0      0      0      0      0      0      0      0      0      0      0      0      0     
0x7f1ae3b9f290           PRMT R5, R10, 0x5410, R5                                        0      0      0      35968   1150976   1150976   32     32     0      -             -          -      0         0      0         0         0        0         0         0         -      0      0      0      0      0      0      0      0      0      0      0      0      0      0      0      0      0      0      0      0      0      0      0      0      0      0      0      0      0      0      0      0      0      0      0      0      0      0      0      0      0      0     
0x7f1ae3b9f2a0           LEA R2, P3, R3, UR4, 0xd                                        6      0      6      35968   1150976   1150976   32     32     0      -             -          -      0         0      0         0         0        0         0         0         -      0      0      0      0      0      0      0      0      0      0      0      0      0      0      0      0      0      0      2      4      0      0      0      0      0      0      0      0      0      0      0      0      0      0      0      0      0      0      0      0      0      0     
0x7f1ae3b9f2b0           PRMT R9, R164, 0x7632, R9                                       5      0      5      35968   1150976   1150976   32     32     0      -             -          -      0         0      0         0         0        0         0         0         -      0      0      0      0      0      0      0      0      0      0      0      0      0      0      0      0      0      0      0      5      0      0      0      0      0      0      0      0      0      0      0      0      0      0      0      0      0      0      0      0      0      0     
0x7f1ae3b9f2c0           STS.128 [R39+UR9], R4                                           8      4      8      35968   1150976   1150976   32     32     0      Shared        Store      128    0         4      0         143872    143872   0         0         0         -      0      0      0      0      0      0      6      0      1      0      0      0      0      0      0      0      0      0      0      1      0      0      0      0      4      0      0      0      0      0      0      0      0      0      0      0      0      0      0      0      0      0     
0x7f1ae3b9f2d0           LEA.HI.X R3, R3, UR5, R8, 0xd, P3                               1      0      1      35968   1150976   1150976   32     32     0      -             -          -      0         0      0         0         0        0         0         0         -      0      0      0      0      0      0      0      0      0      0      0      0      0      0      0      0      0      0      0      1      0      0      0      0      0      0      0      0      0      0      0      0      0      0      0      0      0      0      0      0      0      0     
0x7f1ae3b9f2e0           PRMT R8, R164, 0x7610, R8                                       4      0      4      35968   1150976   1150976   32     32     0      -             -          -      0         0      0         0         0        0         0         0         -      0      0      0      0      0      0      0      0      0      0      0      0      0      0      0      0      0      0      0      2      0      0      0      2      0      0      0      0      0      0      0      0      0      0      0      0      0      0      0      0      0      0     
0x7f1ae3b9f2f0           F2FP.BF16.F32.PACK_AB R10, R170, R167                           5      2      5      35968   1150976   1150976   32     32     0      -             -          -      0         0      0         0         0        0         0         0         -      0      0      0      0      0      0      0      0      0      0      0      0      0      0      0      0      0      0      2      1      0      0      0      2      0      0      0      0      0      0      0      0      0      0      0      0      0      0      0      0      0      2     
0x7f1ae3b9f300           LOP3.LUT R32, R29, 0x18, RZ, 0xfc, !PT                          5      1      5      35968   1150976   1150976   32     32     0      -             -          -      0         0      0         0         0        0         0         0         -      0      0      0      0      0      0      0      0      0      0      0      0      0      0      0      0      0      0      0      2      0      0      0      3      0      0      0      0      0      0      0      0      0      0      0      0      0      0      0      0      0      1     
0x7f1ae3b9f310           PRMT R11, R10, 0x7632, R11                                      6      2      6      35968   1150976   1150976   32     32     0      -             -          -      0         0      0         0         0        0         0         0         -      0      0      0      0      0      0      0      0      0      0      0      0      0      0      0      0      0      0      0      2      0      0      0      4      0      0      0      0      0      0      0      0      0      0      0      0      0      0      0      0      0      2     
0x7f1ae3b9f320           SEL R10, R10, RZ, P2                                            7      2      7      35968   1150976   1150976   32     32     0      -             -          -      0         0      0         0         0        0         0         0         -      0      0      0      0      0      0      0      0      0      0      0      0      0      0      0      0      0      0      1      2      0      0      0      4      0      0      0      0      0      0      0      0      0      0      0      0      0      0      0      0      0      2     
0x7f1ae3b9f330           SEL R11, R11, RZ, P2                                            8      1      8      35968   1150976   1150976   32     32     0      -             -          -      0         0      0         0         0        0         0         0         -      0      0      0      0      0      0      0      0      0      0      0      0      0      0      0      0      0      0      3      4      0      0      0      1      0      0      0      0      0      0      0      0      0      0      0      0      0      0      0      0      0      1     
0x7f1ae3b9f340           LOP3.LUT R31, R29, 0x10, RZ, 0xfc, !PT                          8      2      8      35968   1150976   1150976   32     32     0      -             -          -      0         0      0         0         0        0         0         0         -      0      0      0      0      0      0      0      0      0      0      0      0      0      0      0      0      0      0      0      4      0      0      0      4      0      0      0      0      0      0      0      0      0      0      0      0      0      0      0      0      0      2     
0x7f1ae3b9f350           SEL R4, R9, RZ, P2                                              3      0      3      35968   1150976   1150976   32     32     0      -             -          -      0         0      0         0         0        0         0         0         -      0      0      0      0      0      0      0      0      0      0      0      0      0      0      0      0      0      0      1      0      2      0      0      0      0      0      0      0      0      0      0      0      0      0      0      0      0      0      0      0      0      0     
0x7f1ae3b9f360           SEL R6, R13, RZ, P2                                             1      0      1      35968   1150976   1150976   32     32     0      -             -          -      0         0      0         0         0        0         0         0         -      0      0      0      0      0      0      0      0      0      0      0      0      0      1      0      0      0      0      0      0      0      0      0      0      0      0      0      0      0      0      0      0      0      0      0      0      0      0      0      0      0      0     
0x7f1ae3b9f370           SEL R9, R12, RZ, P2                                             8      2      8      35968   1150976   1150976   32     32     0      -             -          -      0         0      0         0         0        0         0         0         -      0      0      0      0      0      0      0      0      0      0      0      0      0      0      0      0      0      0      0      2      0      0      0      6      0      0      0      0      0      0      0      0      0      0      0      0      0      0      0      0      0      2     
0x7f1ae3b9f380           PRMT R7, R161, 0x7632, R7                                       6      0      6      35968   1150976   1150976   32     32     0      -             -          -      0         0      0         0         0        0         0         0         -      0      0      0      0      0      0      0      0      0      0      0      0      0      0      0      0      0      0      1      4      0      0      0      1      0      0      0      0      0      0      0      0      0      0      0      0      0      0      0      0      0      0     
0x7f1ae3b9f390           SEL R5, R8, RZ, P2                                              10     1      10     35968   1150976   1150976   32     32     0      -             -          -      0         0      0         0         0        0         0         0         -      0      0      0      0      0      0      0      0      0      0      0      0      0      0      0      0      0      0      1      6      0      0      0      3      0      0      0      0      0      0      0      0      0      0      0      0      0      0      0      0      0      1     
0x7f1ae3b9f3a0           PRMT R8, R161, 0x7610, R8                                       7      4      7      35968   1150976   1150976   32     32     0      -             -          -      0         0      0         0         0        0         0         0         -      0      0      0      0      0      0      0      0      0      0      0      0      0      0      0      0      0      0      0      3      0      0      0      4      0      0      0      0      0      0      0      0      0      0      0      0      0      0      0      0      0      4     
0x7f1ae3b9f3b0           PRMT R6, R9, 0x5410, R6                                         2      0      2      35968   1150976   1150976   32     32     0      -             -          -      0         0      0         0         0        0         0         0         -      0      0      0      0      0      0      0      0      0      0      0      0      0      0      0      0      0      0      0      2      0      0      0      0      0      0      0      0      0      0      0      0      0      0      0      0      0      0      0      0      0      0     
0x7f1ae3b9f3c0           SEL R9, R7, RZ, P2                                              5      2      5      35968   1150976   1150976   32     32     0      -             -          -      0         0      0         0         0        0         0         0         -      0      0      0      0      0      0      0      0      0      0      0      0      0      0      0      0      0      0      0      1      0      0      0      4      0      0      0      0      0      0      0      0      0      0      0      0      0      0      0      0      0      2     
0x7f1ae3b9f3d0           LOP3.LUT R7, R29, 0x8, RZ, 0xfc, !PT                            9      1      9      35968   1150976   1150976   32     32     0      -             -          -      0         0      0         0         0        0         0         0         -      0      0      0      0      0      0      0      0      0      0      0      0      0      0      0      0      0      0      1      7      0      0      0      1      0      0      0      0      0      0      0      0      0      0      0      0      0      0      0      0      0      1     
0x7f1ae3b9f3e0           SEL R8, R8, RZ, P2                                              1      0      1      35968   1150976   1150976   32     32     0      -             -          -      0         0      0         0         0        0         0         0         -      0      0      0      0      0      0      0      0      0      0      0      0      0      0      0      0      0      0      0      0      0      0      0      1      0      0      0      0      0      0      0      0      0      0      0      0      0      0      0      0      0      0     
0x7f1ae3b9f3f0           PRMT R4, R5, 0x5410, R4                                         5      0      5      35968   1150976   1150976   32     32     0      -             -          -      0         0      0         0         0        0         0         0         -      0      0      0      0      0      0      0      0      0      0      0      0      0      0      0      0      0      0      0      5      0      0      0      0      0      0      0      0      0      0      0      0      0      0      0      0      0      0      0      0      0      0     
0x7f1ae3b9f400           ISETP.LT.U32.AND P6, PT, R7, R106, !P0                          5      3      5      35968   1150976   1150976   32     32     0      -             -          -      0         0      0         0         0        0         0         0         -      0      0      0      0      0      0      0      0      0      0      0      0      0      0      0      0      0      1      0      2      0      0      0      2      0      0      0      0      0      0      0      0      0      0      0      1      0      0      0      0      0      2     
0x7f1ae3b9f410           IADD3 R12, P3, R107, R7, RZ                                     3      2      3      35968   1150976   1150976   32     32     0      -             -          -      0         0      0         0         0        0         0         0         -      0      0      0      0      0      0      0      0      0      0      0      0      0      0      0      0      0      0      0      1      0      0      0      2      0      0      0      0      0      0      0      0      0      0      0      0      0      0      0      0      0      2     
0x7f1ae3b9f420           PRMT R5, R10, 0x5410, R11                                       3      1      3      35968   1150976   1150976   32     32     0      -             -          -      0         0      0         0         0        0         0         0         -      0      0      0      0      0      0      0      0      0      0      0      0      0      0      0      0      0      0      1      1      0      0      0      1      0      0      0      0      0      0      0      0      0      0      0      0      0      0      0      0      0      1     
0x7f1ae3b9f430           PRMT R7, R8, 0x5410, R9                                         5      2      5      35968   1150976   1150976   32     32     0      -             -          -      0         0      0         0         0        0         0         0         -      0      0      0      0      0      0      0      0      0      0      0      0      0      1      0      0      0      0      0      1      0      0      0      3      0      0      0      0      0      0      0      0      0      0      0      0      0      0      0      0      0      2     
0x7f1ae3b9f440           IMAD.X R13, RZ, RZ, R30, P3                                     1      0      1      35968   1150976   1150976   32     32     0      -             -          -      0         0      0         0         0        0         0         0         -      0      0      0      0      0      0      0      0      0      0      0      0      0      0      0      0      0      0      0      1      0      0      0      0      0      0      0      0      0      0      0      0      0      0      0      0      0      0      0      0      0      0     
0x7f1ae3b9f450           IADD3 R10, P4, R107, R31, RZ                                    5      0      5      35968   1150976   1150976   32     32     0      -             -          -      0         0      0         0         0        0         0         0         -      0      0      0      0      0      0      0      0      0      0      0      0      0      0      0      0      0      0      0      5      0      0      0      0      0      0      0      0      0      0      0      0      0      0      0      0      0      0      0      0      0      0     
0x7f1ae3b9f460           IADD3 R8, P5, R107, R32, RZ                                     7      3      7      35968   1150976   1150976   32     32     0      -             -          -      0         0      0         0         0        0         0         0         -      0      0      0      0      0      0      0      0      0      0      0      0      0      0      0      0      0      0      1      3      0      0      0      3      0      0      0      0      0      0      0      0      0      0      0      0      0      0      0      0      0      3     
0x7f1ae3b9f470           LOP3.LUT R41, R39, 0x20, RZ, 0x3c, !PT                          9      4      9      35968   1150976   1150976   32     32     0      -             -          -      0         0      0         0         0        0         0         0         -      0      0      0      0      0      0      0      0      0      0      0      0      0      0      0      0      0      0      0      5      0      0      0      4      0      0      0      0      0      0      0      0      0      0      0      0      0      0      0      0      0      4     
0x7f1ae3b9f480           IMAD.X R11, RZ, RZ, R30, P4                                     2      0      2      35968   1150976   1150976   32     32     0      -             -          -      0         0      0         0         0        0         0         0         -      0      0      0      0      0      0      0      0      0      0      0      0      0      0      0      0      0      0      0      2      0      0      0      0      0      0      0      0      0      0      0      0      0      0      0      0      0      0      0      0      0      0     
0x7f1ae3b9f490           LEA R22, P4, R10, UR4, 0xd                                      2      0      2      35968   1150976   1150976   32     32     0      -             -          -      0         0      0         0         0        0         0         0         -      0      0      0      0      0      0      0      0      0      0      0      0      0      0      0      0      0      0      0      2      0      0      0      0      0      0      0      0      0      0      0      0      0      0      0      0      0      0      0      0      0      0     
0x7f1ae3b9f4a0           IMAD.X R9, RZ, RZ, R30, P5                                      4      0      4      35968   1150976   1150976   32     32     0      -             -          -      0         0      0         0         0        0         0         0         -      0      0      0      0      0      0      0      0      0      0      0      0      0      0      0      0      0      0      0      4      0      0      0      0      0      0      0      0      0      0      0      0      0      0      0      0      0      0      0      0      0      0     
0x7f1ae3b9f4b0           LEA R20, P5, R8, UR4, 0xd                                       6      0      6      35968   1150976   1150976   32     32     0      -             -          -      0         0      0         0         0        0         0         0         -      0      0      0      0      0      0      0      0      0      0      0      0      0      0      0      0      0      0      0      6      0      0      0      0      0      0      0      0      0      0      0      0      0      0      0      0      0      0      0      0      0      0     
0x7f1ae3b9f4c0           STS.128 [R41+UR9], R4                                           4      0      4      35968   1150976   1150976   32     32     0      Shared        Store      128    0         4      0         143872    143872   0         0         0         -      0      0      0      0      0      0      0      0      0      0      0      0      0      0      0      0      0      0      0      4      0      0      0      0      0      0      0      0      0      0      0      0      0      0      0      0      0      0      0      0      0      0     
0x7f1ae3b9f4d0           LEA.HI.X R23, R10, UR5, R11, 0xd, P4                            2      0      2      35968   1150976   1150976   32     32     0      -             -          -      0         0      0         0         0        0         0         0         -      0      0      0      0      0      0      0      0      0      0      0      0      0      0      0      0      0      0      0      2      0      0      0      0      0      0      0      0      0      0      0      0      0      0      0      0      0      0      0      0      0      0     
0x7f1ae3b9f4e0           LEA.HI.X R21, R8, UR5, R9, 0xd, P5                              4      2      4      35968   1150976   1150976   32     32     0      -             -          -      0         0      0         0         0        0         0         0         -      0      0      0      0      0      0      0      0      0      0      0      0      0      0      0      0      0      0      0      2      0      0      0      2      0      0      0      0      0      0      0      0      0      0      0      0      0      0      0      0      0      2     
0x7f1ae3b9f4f0           F2FP.BF16.F32.PACK_AB R146, R146, R147                          3      3      3      35968   1150976   1150976   32     32     0      -             -          -      0         0      0         0         0        0         0         0         -      0      0      0      0      0      0      0      0      0      0      0      0      0      0      0      0      0      0      0      0      0      0      0      3      0      0      0      0      0      0      0      0      0      0      0      0      0      0      0      0      0      3     
0x7f1ae3b9f500           F2FP.BF16.F32.PACK_AB R8, R144, R145                            4      3      4      35968   1150976   1150976   32     32     0      -             -          -      0         0      0         0         0        0         0         0         -      0      0      0      0      0      0      0      0      0      0      0      0      0      0      0      0      0      0      0      1      0      0      0      3      0      0      0      0      0      0      0      0      0      0      0      0      0      0      0      0      0      3     
0x7f1ae3b9f510           F2FP.BF16.F32.PACK_AB R10, R142, R143                           5      3      5      35968   1150976   1150976   32     32     0      -             -          -      0         0      0         0         0        0         0         0         -      0      0      0      0      0      0      0      0      0      0      0      0      0      0      0      0      0      0      0      2      0      0      0      3      0      0      0      0      0      0      0      0      0      0      0      0      0      0      0      0      0      3     
0x7f1ae3b9f520           F2FP.BF16.F32.PACK_AB R138, R138, R149                          3      0      3      35968   1150976   1150976   32     32     0      -             -          -      0         0      0         0         0        0         0         0         -      0      0      0      0      0      0      0      0      0      0      0      0      0      0      0      0      0      0      0      3      0      0      0      0      0      0      0      0      0      0      0      0      0      0      0      0      0      0      0      0      0      0     
0x7f1ae3b9f530           PRMT R9, R8, 0x7632, R9                                         8      0      8      35968   1150976   1150976   32     32     0      -             -          -      0         0      0         0         0        0         0         0         -      0      0      0      0      0      0      0      0      0      0      0      0      0      0      0      0      0      0      1      7      0      0      0      0      0      0      0      0      0      0      0      0      0      0      0      0      0      0      0      0      0      0     
0x7f1ae3b9f540           PRMT R11, R10, 0x7632, R11                                      2      2      2      35968   1150976   1150976   32     32     0      -             -          -      0         0      0         0         0        0         0         0         -      0      0      0      0      0      0      0      0      0      0      0      0      0      0      0      0      0      0      0      0      0      0      0      2      0      0      0      0      0      0      0      0      0      0      0      0      0      0      0      0      0      2     
0x7f1ae3b9f550           PRMT R7, R146, 0x7632, R7                                       11     8      11     35968   1150976   1150976   32     32     0      -             -          -      0         0      0         0         0        0         0         0         -      0      0      0      0      0      0      0      0      0      0      0      0      0      1      0      0      0      0      1      2      3      0      0      4      0      0      0      0      0      0      0      1      0      0      0      0      0      0      3      0      0      4     
0x7f1ae3b9f560           PRMT R6, R146, 0x7610, R6                                       3      1      3      35968   1150976   1150976   32     32     0      -             -          -      0         0      0         0         0        0         0         0         -      0      0      0      0      0      0      0      0      0      0      0      0      0      0      0      0      0      0      1      1      0      0      0      1      0      0      0      0      0      0      0      0      0      0      0      0      0      0      0      0      0      1     
0x7f1ae3b9f570           LEA R24, P3, R12, UR4, 0xd                                      7      3      7      35968   1150976   1150976   32     32     0      -             -          -      0         0      0         0         0        0         0         0         -      0      0      0      0      0      0      0      0      0      0      0      0      0      0      0      0      0      0      0      2      0      0      0      5      0      0      0      0      0      0      0      0      0      0      0      0      0      0      0      0      0      3     
0x7f1ae3b9f580           PRMT R5, R138, 0x7632, R5                                       4      2      4      35968   1150976   1150976   32     32     0      -             -          -      0         0      0         0         0        0         0         0         -      0      0      0      0      0      0      0      0      0      0      0      0      0      0      0      0      0      0      0      2      0      0      0      2      0      0      0      0      0      0      0      0      0      0      0      0      0      0      0      0      0      2     
0x7f1ae3b9f590           PRMT R4, R138, 0x7610, R4                                       5      0      5      35968   1150976   1150976   32     32     0      -             -          -      0         0      0         0         0        0         0         0         -      0      0      0      0      0      0      0      0      0      0      0      0      0      0      0      0      0      0      0      4      0      0      0      1      0      0      0      0      0      0      0      0      0      0      0      0      0      0      0      0      0      0     
0x7f1ae3b9f5a0           SEL R7, R7, RZ, P2                                              5      2      5      35968   1150976   1150976   32     32     0      -             -          -      0         0      0         0         0        0         0         0         -      0      0      0      0      0      0      0      0      0      0      0      0      0      0      0      0      0      0      0      3      0      0      0      2      0      0      0      0      0      0      0      0      0      0      0      0      0      0      0      0      0      2     
0x7f1ae3b9f5b0           SEL R6, R6, RZ, P2                                              5      3      5      35968   1150976   1150976   32     32     0      -             -          -      0         0      0         0         0        0         0         0         -      0      0      0      0      0      0      0      0      0      0      0      0      0      1      0      0      0      0      1      1      0      0      0      2      0      0      0      0      0      0      0      1      0      0      0      0      0      0      0      0      0      2     
0x7f1ae3b9f5c0           SEL R9, R9, RZ, P2                                              5      3      5      35968   1150976   1150976   32     32     0      -             -          -      0         0      0         0         0        0         0         0         -      0      0      0      0      0      0      0      0      0      0      0      0      0      0      0      0      0      0      0      2      0      0      0      3      0      0      0      0      0      0      0      0      0      0      0      0      0      0      0      0      0      3     
0x7f1ae3b9f5d0           SEL R8, R8, RZ, P2                                              9      6      9      35968   1150976   1150976   32     32     0      -             -          -      0         0      0         0         0        0         0         0         -      0      0      0      0      0      0      0      0      0      0      0      0      0      0      0      0      0      0      0      3      0      0      0      6      0      0      0      0      0      0      0      0      0      0      0      0      0      0      0      0      0      6     
0x7f1ae3b9f5e0           SEL R11, R11, RZ, P2                                            2      1      2      35968   1150976   1150976   32     32     0      -             -          -      0         0      0         0         0        0         0         0         -      0      0      0      0      0      0      0      0      0      0      0      0      0      0      0      0      0      0      0      0      0      0      0      2      0      0      0      0      0      0      0      0      0      0      0      0      0      0      0      0      0      1     
0x7f1ae3b9f5f0           SEL R10, R10, RZ, P2                                            4      3      4      35968   1150976   1150976   32     32     0      -             -          -      0         0      0         0         0        0         0         0         -      0      0      0      0      0      0      0      0      0      0      0      0      0      0      0      0      0      0      0      1      0      0      0      3      0      0      0      0      0      0      0      0      0      0      0      0      0      0      0      0      0      3     
0x7f1ae3b9f600           LEA.HI.X R25, R12, UR5, R13, 0xd, P3                            8      5      8      35968   1150976   1150976   32     32     0      -             -          -      0         0      0         0         0        0         0         0         -      0      0      0      0      0      0      0      0      0      0      0      0      0      0      0      0      0      0      0      2      0      0      0      6      0      0      0      0      0      0      0      0      0      0      0      0      0      0      0      0      0      5     
0x7f1ae3b9f610           SEL R5, R5, RZ, P2                                              4      2      4      35968   1150976   1150976   32     32     0      -             -          -      0         0      0         0         0        0         0         0         -      0      0      0      0      0      0      0      0      0      0      0      0      0      0      0      0      0      0      0      2      0      0      0      2      0      0      0      0      0      0      0      0      0      0      0      0      0      0      0      0      0      2     
0x7f1ae3b9f620           SEL R4, R4, RZ, P2                                              2      0      2      35968   1150976   1150976   32     32     0      -             -          -      0         0      0         0         0        0         0         0         -      0      0      0      0      0      0      0      0      0      0      0      0      0      0      0      0      0      0      0      2      0      0      0      0      0      0      0      0      0      0      0      0      0      0      0      0      0      0      0      0      0      0     
0x7f1ae3b9f630           PRMT R13, R6, 0x5410, R7                                        3      1      3      35968   1150976   1150976   32     32     0      -             -          -      0         0      0         0         0        0         0         0         -      0      0      0      0      0      0      0      0      0      0      0      0      0      0      0      0      0      0      0      2      0      0      0      1      0      0      0      0      0      0      0      0      0      0      0      0      0      0      0      0      0      1     
0x7f1ae3b9f640           PRMT R14, R8, 0x5410, R9                                        9      4      9      35968   1150976   1150976   32     32     0      -             -          -      0         0      0         0         0        0         0         0         -      0      0      0      0      0      0      0      0      0      0      0      0      0      0      0      0      0      0      0      5      0      0      0      4      0      0      0      0      0      0      0      0      0      0      0      0      0      0      0      0      0      4     
0x7f1ae3b9f650           PRMT R15, R10, 0x5410, R11                                      7      3      7      35968   1150976   1150976   32     32     0      -             -          -      0         0      0         0         0        0         0         0         -      0      0      0      0      0      0      0      0      0      0      0      0      0      0      0      0      0      0      0      4      0      0      0      3      0      0      0      0      0      0      0      0      0      0      0      0      0      0      0      0      0      3     
0x7f1ae3b9f660           F2FP.BF16.F32.PACK_AB R140, R140, R153                          4      3      4      35968   1150976   1150976   32     32     0      -             -          -      0         0      0         0         0        0         0         0         -      0      0      0      0      0      0      0      0      0      0      0      0      0      0      0      0      0      0      0      1      0      0      0      3      0      0      0      0      0      0      0      0      0      0      0      0      0      0      0      0      0      3     
0x7f1ae3b9f670           F2FP.BF16.F32.PACK_AB R6, R152, R151                            6      3      6      35968   1150976   1150976   32     32     0      -             -          -      0         0      0         0         0        0         0         0         -      0      0      0      0      0      0      0      0      0      0      0      0      0      0      0      0      0      0      0      3      0      0      0      3      0      0      0      0      0      0      0      0      0      0      0      0      0      0      0      0      0      3     
0x7f1ae3b9f680           F2FP.BF16.F32.PACK_AB R8, R150, R155                            6      2      6      35968   1150976   1150976   32     32     0      -             -          -      0         0      0         0         0        0         0         0         -      0      0      0      0      0      0      0      0      0      0      0      0      0      0      0      0      0      0      1      3      0      0      0      2      0      0      0      0      0      0      0      0      0      0      0      0      0      0      0      0      0      2     
0x7f1ae3b9f690           F2FP.BF16.F32.PACK_AB R10, R148, R133                           2      1      2      35968   1150976   1150976   32     32     0      -             -          -      0         0      0         0         0        0         0         0         -      0      0      0      0      0      0      0      0      0      0      0      0      0      0      0      0      0      0      0      1      0      0      0      1      0      0      0      0      0      0      0      0      0      0      0      0      0      0      0      0      0      1     
0x7f1ae3b9f6a0           PRMT R12, R4, 0x5410, R5                                        3      3      3      35968   1150976   1150976   32     32     0      -             -          -      0         0      0         0         0        0         0         0         -      0      0      0      0      0      0      0      0      0      0      0      0      0      0      0      0      0      0      0      0      0      0      0      3      0      0      0      0      0      0      0      0      0      0      0      0      0      0      0      0      0      3     
0x7f1ae3b9f6b0           PRMT R5, R140, 0x7632, R5                                       3      1      3      35968   1150976   1150976   32     32     0      -             -          -      0         0      0         0         0        0         0         0         -      0      0      0      0      0      0      0      0      0      0      0      0      0      0      0      0      0      0      0      2      0      0      0      1      0      0      0      0      0      0      0      0      0      0      0      0      0      0      0      0      0      1     
0x7f1ae3b9f6c0           PRMT R4, R140, 0x7610, R4                                       7      3      7      35968   1150976   1150976   32     32     0      -             -          -      0         0      0         0         0        0         0         0         -      0      0      0      0      0      0      0      0      0      0      0      0      0      0      0      0      0      0      0      3      0      0      0      4      0      0      0      0      0      0      0      0      0      0      0      0      0      0      0      0      0      3     
0x7f1ae3b9f6d0           PRMT R7, R6, 0x7632, R7                                         5      4      5      35968   1150976   1150976   32     32     0      -             -          -      0         0      0         0         0        0         0         0         -      0      0      0      0      0      0      0      0      0      0      0      0      0      1      0      0      0      0      0      1      0      0      0      3      0      0      0      0      0      0      0      1      0      0      0      0      0      0      0      0      0      3     
0x7f1ae3b9f6e0           PRMT R9, R8, 0x7632, R9                                         1      0      1      35968   1150976   1150976   32     32     0      -             -          -      0         0      0         0         0        0         0         0         -      0      0      0      0      0      0      0      0      0      0      0      0      0      0      0      0      0      0      0      1      0      0      0      0      0      0      0      0      0      0      0      0      0      0      0      0      0      0      0      0      0      0     
0x7f1ae3b9f6f0           PRMT R11, R10, 0x7632, R11                                      4      1      4      35968   1150976   1150976   32     32     0      -             -          -      0         0      0         0         0        0         0         0         -      0      0      0      0      0      0      0      0      0      0      0      0      0      0      0      0      0      0      1      2      0      0      0      1      0      0      0      0      0      0      0      0      0      0      0      0      0      0      0      0      0      1     
0x7f1ae3b9f700           LOP3.LUT R42, R39, 0x40, RZ, 0x3c, !PT                          4      2      4      35968   1150976   1150976   32     32     0      -             -          -      0         0      0         0         0        0         0         0         -      0      0      0      0      0      0      0      0      0      0      0      0      0      0      0      0      0      0      0      2      0      0      0      2      0      0      0      0      0      0      0      0      0      0      0      0      0      0      0      0      0      2     
0x7f1ae3b9f710           SEL R5, R5, RZ, P2                                              9      3      9      35968   1150976   1150976   32     32     0      -             -          -      0         0      0         0         0        0         0         0         -      0      0      0      0      0      0      0      0      0      0      0      0      0      0      0      0      0      0      0      5      0      0      0      4      0      0      0      0      0      0      0      0      0      0      0      0      0      0      0      0      0      3     
0x7f1ae3b9f720           SEL R4, R4, RZ, P2                                              11     5      11     35968   1150976   1150976   32     32     0      -             -          -      0         0      0         0         0        0         0         0         -      0      0      0      0      0      0      0      0      0      0      0      0      0      0      0      0      0      0      1      5      0      0      0      5      0      0      0      0      0      0      0      0      0      0      0      0      0      0      0      0      0      5     
0x7f1ae3b9f730           STS.128 [R42+UR9], R12                                          3      0      3      35968   1150976   1150976   32     32     0      Shared        Store      128    0         4      0         143872    143872   0         0         0         -      0      0      0      0      0      0      0      0      0      0      0      0      0      0      0      0      0      0      0      3      0      0      0      0      0      0      0      0      0      0      0      0      0      0      0      0      0      0      0      0      0      0     
0x7f1ae3b9f740           SEL R7, R7, RZ, P2                                              5      0      5      35968   1150976   1150976   32     32     0      -             -          -      0         0      0         0         0        0         0         0         -      0      0      0      0      0      0      0      0      0      0      0      0      0      0      0      0      0      0      0      5      0      0      0      0      0      0      0      0      0      0      0      0      0      0      0      0      0      0      0      0      0      0     
0x7f1ae3b9f750           SEL R6, R6, RZ, P2                                              6      3      6      35968   1150976   1150976   32     32     0      -             -          -      0         0      0         0         0        0         0         0         -      0      0      0      0      0      0      0      0      0      0      0      0      0      0      0      0      0      0      0      2      0      0      0      4      0      0      0      0      0      0      0      0      0      0      0      0      0      0      0      0      0      3     
0x7f1ae3b9f760           SEL R9, R9, RZ, P2                                              3      2      3      35968   1150976   1150976   32     32     0      -             -          -      0         0      0         0         0        0         0         0         -      0      0      0      0      0      0      0      0      0      0      0      0      0      0      0      0      0      0      0      1      0      0      0      2      0      0      0      0      0      0      0      0      0      0      0      0      0      0      0      0      0      2     
0x7f1ae3b9f770           SEL R8, R8, RZ, P2                                              4      3      4      35968   1150976   1150976   32     32     0      -             -          -      0         0      0         0         0        0         0         0         -      0      0      0      0      0      0      0      0      0      0      0      0      0      0      0      0      0      0      0      1      0      0      0      3      0      0      0      0      0      0      0      0      0      0      0      0      0      0      0      0      0      3     
0x7f1ae3b9f780           SEL R11, R11, RZ, P2                                            5      1      5      35968   1150976   1150976   32     32     0      -             -          -      0         0      0         0         0        0         0         0         -      0      0      0      0      0      0      0      0      0      0      0      0      0      0      0      0      0      0      1      3      0      0      0      1      0      0      0      0      0      0      0      0      0      0      0      0      0      0      0      0      0      1     
0x7f1ae3b9f790           SEL R10, R10, RZ, P2                                            4      3      4      35968   1150976   1150976   32     32     0      -             -          -      0         0      0         0         0        0         0         0         -      0      0      0      0      0      0      0      0      0      0      0      0      0      0      0      0      0      0      0      1      0      0      0      3      0      0      0      0      0      0      0      0      0      0      0      0      0      0      0      0      0      3     
0x7f1ae3b9f7a0           LOP3.LUT R43, R39, 0x60, RZ, 0x3c, !PT                          2      1      2      35968   1150976   1150976   32     32     0      -             -          -      0         0      0         0         0        0         0         0         -      0      0      0      0      0      0      0      0      0      0      0      0      0      0      0      0      0      0      0      1      0      0      0      1      0      0      0      0      0      0      0      0      0      0      0      0      0      0      0      0      0      1     
0x7f1ae3b9f7b0           F2FP.BF16.F32.PACK_AB R134, R134, R139                          3      2      3      35968   1150976   1150976   32     32     0      -             -          -      0         0      0         0         0        0         0         0         -      0      0      0      0      0      0      0      0      0      0      0      0      0      0      0      0      0      0      0      1      0      0      0      2      0      0      0      0      0      0      0      0      0      0      0      0      0      0      0      0      0      2     
0x7f1ae3b9f7c0           PRMT R12, R4, 0x5410, R5                                        16     9      16     35968   1150976   1150976   32     32     0      -             -          -      0         0      0         0         0        0         0         0         -      0      0      0      0      0      0      0      0      0      0      0      0      0      5      0      0      0      0      1      3      3      0      0      4      0      0      0      0      0      0      0      4      0      0      0      0      0      0      1      0      0      4     
0x7f1ae3b9f7d0           PRMT R13, R6, 0x5410, R7                                        5      1      5      35968   1150976   1150976   32     32     0      -             -          -      0         0      0         0         0        0         0         0         -      0      0      0      0      0      0      0      0      0      0      0      0      0      0      0      0      0      0      0      4      0      0      0      1      0      0      0      0      0      0      0      0      0      0      0      0      0      0      0      0      0      1     
0x7f1ae3b9f7e0           PRMT R14, R8, 0x5410, R9                                        4      2      4      35968   1150976   1150976   32     32     0      -             -          -      0         0      0         0         0        0         0         0         -      0      0      0      0      0      0      0      0      0      0      0      0      0      0      0      0      0      0      1      1      0      0      0      2      0      0      0      0      0      0      0      0      0      0      0      0      0      0      0      0      0      2     
0x7f1ae3b9f7f0           PRMT R15, R10, 0x5410, R11                                      5      1      5      35968   1150976   1150976   32     32     0      -             -          -      0         0      0         0         0        0         0         0         -      0      0      0      0      0      0      0      0      0      0      0      0      0      0      0      0      0      0      1      3      0      0      0      1      0      0      0      0      0      0      0      0      0      0      0      0      0      0      0      0      0      1     
0x7f1ae3b9f800           F2FP.BF16.F32.PACK_AB R6, R132, R137                            6      3      6      35968   1150976   1150976   32     32     0      -             -          -      0         0      0         0         0        0         0         0         -      0      0      0      0      0      0      0      0      0      0      0      0      0      0      0      0      0      0      0      3      0      0      0      3      0      0      0      0      0      0      0      0      0      0      0      0      0      0      0      0      0      3     
0x7f1ae3b9f810           F2FP.BF16.F32.PACK_AB R8, R130, R135                            6      0      6      35968   1150976   1150976   32     32     0      -             -          -      0         0      0         0         0        0         0         0         -      0      0      0      0      0      0      0      0      0      0      0      0      0      0      0      0      0      0      0      6      0      0      0      0      0      0      0      0      0      0      0      0      0      0      0      0      0      0      0      0      0      0     
0x7f1ae3b9f820           STS.128 [R43+UR9], R12                                          0      0      0      35968   1150976   1150976   32     32     0      Shared        Store      128    0         4      0         143872    143872   0         0         0         -      0      0      0      0      0      0      0      0      0      0      0      0      0      0      0      0      0      0      0      0      0      0      0      0      0      0      0      0      0      0      0      0      0      0      0      0      0      0      0      0      0      0     
0x7f1ae3b9f830           F2FP.BF16.F32.PACK_AB R10, R128, R131                           1      0      1      35968   1150976   1150976   32     32     0      -             -          -      0         0      0         0         0        0         0         0         -      0      0      0      0      0      0      0      0      0      0      0      0      0      0      0      0      0      0      0      1      0      0      0      0      0      0      0      0      0      0      0      0      0      0      0      0      0      0      0      0      0      0     
0x7f1ae3b9f840           ISETP.LT.U32.AND P1, PT, R171, R106, !P0                        4      3      4      35968   1150976   1150976   32     32     0      -             -          -      0         0      0         0         0        0         0         0         -      0      0      0      0      0      0      0      0      0      0      0      0      0      0      0      0      0      0      1      0      0      0      0      3      0      0      0      0      0      0      0      0      0      0      0      0      0      0      0      0      0      3     
0x7f1ae3b9f850           BAR.SYNC.DEFER_BLOCKING 0x0                                     1      0      1      35968   1150976   1150976   32     32     0      -             -          -      0         0      0         0         0        0         0         0         -      0      0      0      0      0      0      0      0      0      0      0      0      0      0      0      0      0      0      0      1      0      0      0      0      0      0      0      0      0      0      0      0      0      0      0      0      0      0      0      0      0      0     
0x7f1ae3b9f860           PRMT R5, R134, 0x7632, R5                                       3      0      3      35968   1150976   1150976   32     32     0      -             -          -      0         0      0         0         0        0         0         0         -      0      0      0      0      0      0      0      0      0      0      0      0      0      0      0      0      0      0      0      3      0      0      0      0      0      0      0      0      0      0      0      0      0      0      0      0      0      0      0      0      0      0     
0x7f1ae3b9f870           PRMT R4, R134, 0x7610, R4                                       4      3      4      35968   1150976   1150976   32     32     0      -             -          -      0         0      0         0         0        0         0         0         -      0      0      0      0      0      0      0      0      0      0      0      0      0      0      0      0      0      0      0      1      0      0      0      3      0      0      0      0      0      0      0      0      0      0      0      0      0      0      0      0      0      3     
0x7f1ae3b9f880           PRMT R7, R6, 0x7632, R7                                         7      2      7      35968   1150976   1150976   32     32     0      -             -          -      0         0      0         0         0        0         0         0         -      0      0      0      0      0      0      0      0      0      0      0      0      0      0      0      0      0      0      1      4      0      0      0      2      0      0      0      0      0      0      0      0      0      0      0      0      0      0      0      0      0      2     
0x7f1ae3b9f890           PRMT R9, R8, 0x7632, R9                                         4      1      4      35968   1150976   1150976   32     32     0      -             -          -      0         0      0         0         0        0         0         0         -      0      0      0      0      0      0      0      0      0      0      0      0      0      0      0      0      0      0      0      3      0      0      0      1      0      0      0      0      0      0      0      0      0      0      0      0      0      0      0      0      0      1     
0x7f1ae3b9f8a0           PRMT R11, R10, 0x7632, R11                                      9      5      9      35968   1150976   1150976   32     32     0      -             -          -      0         0      0         0         0        0         0         0         -      0      0      0      0      0      0      0      0      0      0      0      0      0      0      0      0      0      0      0      4      0      0      0      5      0      0      0      0      0      0      0      0      0      0      0      0      0      0      0      0      0      5     
0x7f1ae3b9f8b0           SEL R5, R5, RZ, P1                                              4      1      4      35968   1150976   1150976   32     32     0      -             -          -      0         0      0         0         0        0         0         0         -      0      0      0      0      0      0      0      0      0      0      0      0      0      0      0      0      0      0      0      3      0      0      0      1      0      0      0      0      0      0      0      0      0      0      0      0      0      0      0      0      0      1     
0x7f1ae3b9f8c0           SEL R4, R4, RZ, P1                                              9      4      9      35968   1150976   1150976   32     32     0      -             -          -      0         0      0         0         0        0         0         0         -      0      0      0      0      0      0      0      0      0      0      0      0      0      0      0      0      0      0      0      4      0      0      0      5      0      0      0      0      0      0      0      0      0      0      0      0      0      0      0      0      0      4     
0x7f1ae3b9f8d0           SEL R7, R7, RZ, P1                                              7      2      7      35968   1150976   1150976   32     32     0      -             -          -      0         0      0         0         0        0         0         0         -      0      0      0      0      0      0      0      0      0      0      0      0      0      0      0      0      0      0      0      5      0      0      0      2      0      0      0      0      0      0      0      0      0      0      0      0      0      0      0      0      0      2     
0x7f1ae3b9f8e0           SEL R6, R6, RZ, P1                                              3      2      3      35968   1150976   1150976   32     32     0      -             -          -      0         0      0         0         0        0         0         0         -      0      0      0      0      0      0      0      0      0      0      0      0      0      0      0      0      0      0      0      1      0      0      0      2      0      0      0      0      0      0      0      0      0      0      0      0      0      0      0      0      0      2     
0x7f1ae3b9f8f0           SEL R9, R9, RZ, P1                                              4      3      4      35968   1150976   1150976   32     32     0      -             -          -      0         0      0         0         0        0         0         0         -      0      0      0      0      0      0      0      0      0      0      0      0      0      0      0      0      0      0      0      1      0      0      0      3      0      0      0      0      0      0      0      0      0      0      0      0      0      0      0      0      0      3     
0x7f1ae3b9f900           SEL R8, R8, RZ, P1                                              4      1      4      35968   1150976   1150976   32     32     0      -             -          -      0         0      0         0         0        0         0         0         -      0      0      0      0      0      0      0      0      0      0      0      0      0      0      0      0      0      0      0      3      0      0      0      1      0      0      0      0      0      0      0      0      0      0      0      0      0      0      0      0      0      1     
0x7f1ae3b9f910           SEL R11, R11, RZ, P1                                            8      7      8      35968   1150976   1150976   32     32     0      -             -          -      0         0      0         0         0        0         0         0         -      0      0      0      0      0      0      0      0      0      0      0      0      0      0      0      0      0      0      0      1      0      0      0      7      0      0      0      0      0      0      0      0      0      0      0      0      0      0      0      0      0      7     
0x7f1ae3b9f920           LDSM.16.M88.4 R16, [R26+UR9]                                    12     3      12     35968   1150976   1150976   32     32     0      Shared        Load       128    0         4      0         143872    143872   0         0         0         -      0      0      0      0      0      0      10     0      0      0      0      0      0      0      0      0      0      0      1      1      0      0      0      0      3      0      0      0      0      0      0      0      0      0      0      0      0      0      0      0      0      0     
0x7f1ae3b9f930           SEL R10, R10, RZ, P1                                            2      0      2      35968   1150976   1150976   32     32     0      -             -          -      0         0      0         0         0        0         0         0         -      0      0      0      0      0      0      0      0      0      0      0      0      0      0      0      0      0      0      0      2      0      0      0      0      0      0      0      0      0      0      0      0      0      0      0      0      0      0      0      0      0      0     
0x7f1ae3b9f940           PRMT R44, R4, 0x5410, R5                                        6      1      6      35968   1150976   1150976   32     32     0      -             -          -      0         0      0         0         0        0         0         0         -      0      0      0      0      0      0      0      0      0      0      0      0      0      0      0      0      0      0      0      4      0      0      0      2      0      0      0      0      0      0      0      0      0      0      0      0      0      0      0      0      0      1     
0x7f1ae3b9f950           LDSM.16.M88.4 R12, [R26+UR9+0x200]                              5      0      5      35968   1150976   1150976   32     32     0      Shared        Load       128    0         4      0         143872    143872   0         0         0         -      0      0      0      0      0      0      0      0      0      0      0      0      0      0      0      0      0      0      0      5      0      0      0      0      0      0      0      0      0      0      0      0      0      0      0      0      0      0      0      0      0      0     
0x7f1ae3b9f960           PRMT R45, R6, 0x5410, R7                                        1      0      1      35968   1150976   1150976   32     32     0      -             -          -      0         0      0         0         0        0         0         0         -      0      0      0      0      0      0      0      0      0      0      0      0      0      0      0      0      0      0      0      1      0      0      0      0      0      0      0      0      0      0      0      0      0      0      0      0      0      0      0      0      0      0     
0x7f1ae3b9f970           PRMT R46, R8, 0x5410, R9                                        9      4      9      35968   1150976   1150976   32     32     0      -             -          -      0         0      0         0         0        0         0         0         -      0      0      0      0      0      0      0      0      0      0      0      0      0      1      0      0      0      0      1      4      0      0      0      3      0      0      0      0      0      0      0      1      0      0      0      0      0      0      0      0      0      3     
0x7f1ae3b9f980           LDSM.16.M88.4 R4, [R26+UR9+0x600]                               2      0      2      35968   1150976   1150976   32     32     0      Shared        Load       128    0         4      0         143872    143872   0         0         0         -      0      0      0      0      0      0      0      0      0      0      0      0      0      0      0      0      0      0      0      2      0      0      0      0      0      0      0      0      0      0      0      0      0      0      0      0      0      0      0      0      0      0     
0x7f1ae3b9f990           PRMT R47, R10, 0x5410, R11                                      1      0      1      35968   1150976   1150976   32     32     0      -             -          -      0         0      0         0         0        0         0         0         -      0      0      0      0      0      0      0      0      0      0      0      0      0      0      0      0      0      0      0      1      0      0      0      0      0      0      0      0      0      0      0      0      0      0      0      0      0      0      0      0      0      0     
0x7f1ae3b9f9a0           F2FP.BF16.F32.PACK_AB R35, R108, R109                           5      2      5      35968   1150976   1150976   32     32     0      -             -          -      0         0      0         0         0        0         0         0         -      0      0      0      0      0      0      0      0      0      0      0      0      0      0      0      0      0      0      0      2      0      0      0      3      0      0      0      0      0      0      0      0      0      0      0      0      0      0      0      0      0      2     
0x7f1ae3b9f9b0           LDSM.16.M88.4 R8, [R26+UR9+0x400]                               4      0      4      35968   1150976   1150976   32     32     0      Shared        Load       128    0         4      0         143872    143872   0         0         0         -      0      0      0      0      0      0      0      0      0      0      0      0      0      0      0      0      0      0      0      4      0      0      0      0      0      0      0      0      0      0      0      0      0      0      0      0      0      0      0      0      0      0     
0x7f1ae3b9f9c0           F2FP.BF16.F32.PACK_AB R37, R124, R117                           4      0      4      35968   1150976   1150976   32     32     0      -             -          -      0         0      0         0         0        0         0         0         -      0      0      0      0      0      0      0      0      0      0      0      0      0      0      0      0      0      0      0      4      0      0      0      0      0      0      0      0      0      0      0      0      0      0      0      0      0      0      0      0      0      0     
0x7f1ae3b9f9d0           F2FP.BF16.F32.PACK_AB R33, R136, R141                           7      5      7      35968   1150976   1150976   32     32     0      -             -          -      0         0      0         0         0        0         0         0         -      0      0      0      0      0      0      0      0      0      0      0      0      0      0      0      0      0      0      0      1      0      0      0      6      0      0      0      0      0      0      0      0      0      0      0      0      0      0      0      0      0      5     
0x7f1ae3b9f9e0           BAR.SYNC.DEFER_BLOCKING 0x0                                     1      0      1      35968   1150976   1150976   32     32     0      -             -          -      0         0      0         0         0        0         0         0         -      0      0      0      0      0      0      0      0      0      0      0      0      0      0      0      0      0      0      0      1      0      0      0      0      0      0      0      0      0      0      0      0      0      0      0      0      0      0      0      0      0      0     
0x7f1ae3b9f9f0           F2FP.BF16.F32.PACK_AB R110, R110, R111                          1      0      1      35968   1150976   1150976   32     32     0      -             -          -      0         0      0         0         0        0         0         0         -      0      0      0      0      0      0      0      0      0      0      0      0      0      0      0      0      0      0      0      1      0      0      0      0      0      0      0      0      0      0      0      0      0      0      0      0      0      0      0      0      0      0     
0x7f1ae3b9fa00           PRMT R36, R35, 0x7632, R36                                      2      0      2      35968   1150976   1150976   32     32     0      -             -          -      0         0      0         0         0        0         0         0         -      0      0      0      0      0      0      0      0      0      0      0      0      0      0      0      0      0      0      1      1      0      0      0      0      0      0      0      0      0      0      0      0      0      0      0      0      0      0      0      0      0      0     
0x7f1ae3b9fa10           PRMT R38, R37, 0x7632, R38                                      4      2      4      35968   1150976   1150976   32     32     0      -             -          -      0         0      0         0         0        0         0         0         -      0      0      0      0      0      0      0      0      0      0      0      0      0      0      0      0      0      0      0      2      0      0      0      2      0      0      0      0      0      0      0      0      0      0      0      0      0      0      0      0      0      2     
0x7f1ae3b9fa20           PRMT R34, R33, 0x7632, R34                                      5      0      5      35968   1150976   1150976   32     32     0      -             -          -      0         0      0         0         0        0         0         0         -      0      0      0      0      0      0      0      0      0      0      0      0      0      0      0      0      0      0      0      5      0      0      0      0      0      0      0      0      0      0      0      0      0      0      0      0      0      0      0      0      0      0     
0x7f1ae3b9fa30           PRMT R40, R110, 0x7632, R40                                     3      1      3      35968   1150976   1150976   32     32     0      -             -          -      0         0      0         0         0        0         0         0         -      0      0      0      0      0      0      0      0      0      0      0      0      0      0      0      0      0      0      0      2      0      0      0      1      0      0      0      0      0      0      0      0      0      0      0      0      0      0      0      0      0      1     
0x7f1ae3b9fa40           SEL R36, R36, RZ, P1                                            5      3      5      35968   1150976   1150976   32     32     0      -             -          -      0         0      0         0         0        0         0         0         -      0      0      0      0      0      0      0      0      0      0      0      0      0      0      0      0      0      0      0      2      0      0      0      3      0      0      0      0      0      0      0      0      0      0      0      0      0      0      0      0      0      3     
0x7f1ae3b9fa50           SEL R35, R35, RZ, P1                                            6      3      6      35968   1150976   1150976   32     32     0      -             -          -      0         0      0         0         0        0         0         0         -      0      0      0      0      0      0      0      0      0      0      0      0      0      0      0      0      0      0      0      3      0      0      0      3      0      0      0      0      0      0      0      0      0      0      0      0      0      0      0      0      0      3     
0x7f1ae3b9fa60           SEL R38, R38, RZ, P1                                            5      5      5      35968   1150976   1150976   32     32     0      -             -          -      0         0      0         0         0        0         0         0         -      0      0      0      0      0      0      0      0      0      0      0      0      0      0      0      0      0      0      0      0      0      0      0      5      0      0      0      0      0      0      0      0      0      0      0      0      0      0      0      0      0      5     
0x7f1ae3b9fa70           SEL R37, R37, RZ, P1                                            6      2      6      35968   1150976   1150976   32     32     0      -             -          -      0         0      0         0         0        0         0         0         -      0      0      0      0      0      0      0      0      0      0      0      0      0      0      0      0      0      0      0      4      0      0      0      2      0      0      0      0      0      0      0      0      0      0      0      0      0      0      0      0      0      2     
0x7f1ae3b9fa80           SEL R34, R34, RZ, P1                                            5      1      5      35968   1150976   1150976   32     32     0      -             -          -      0         0      0         0         0        0         0         0         -      0      0      0      0      0      0      0      0      0      0      0      0      0      0      0      0      0      0      0      4      0      0      0      1      0      0      0      0      0      0      0      0      0      0      0      0      0      0      0      0      0      1     
0x7f1ae3b9fa90           SEL R33, R33, RZ, P1                                            7      3      7      35968   1150976   1150976   32     32     0      -             -          -      0         0      0         0         0        0         0         0         -      0      0      0      0      0      0      0      0      0      0      0      0      0      0      0      0      0      0      0      4      0      0      0      3      0      0      0      0      0      0      0      0      0      0      0      0      0      0      0      0      0      3     
0x7f1ae3b9faa0           SEL R40, R40, RZ, P1                                            7      5      7      35968   1150976   1150976   32     32     0      -             -          -      0         0      0         0         0        0         0         0         -      0      0      0      0      0      0      0      0      0      0      0      0      0      0      0      0      0      0      0      2      0      0      0      5      0      0      0      0      0      0      0      0      0      0      0      0      0      0      0      0      0      5     
0x7f1ae3b9fab0           STS.128 [R39+UR9], R44                                          3      0      3      35968   1150976   1150976   32     32     0      Shared        Store      128    0         4      0         143872    143872   0         0         0         -      0      0      0      0      0      0      1      0      1      0      0      0      0      0      0      0      0      0      0      1      0      0      0      0      0      0      0      0      0      0      0      0      0      0      0      0      0      0      0      0      0      0     
0x7f1ae3b9fac0           F2FP.BF16.F32.PACK_AB R113, R114, R113                          0      0      0      35968   1150976   1150976   32     32     0      -             -          -      0         0      0         0         0        0         0         0         -      0      0      0      0      0      0      0      0      0      0      0      0      0      0      0      0      0      0      0      0      0      0      0      0      0      0      0      0      0      0      0      0      0      0      0      0      0      0      0      0      0      0     
0x7f1ae3b9fad0           F2FP.BF16.F32.PACK_AB R112, R112, R115                          3      0      3      35968   1150976   1150976   32     32     0      -             -          -      0         0      0         0         0        0         0         0         -      0      0      0      0      0      0      0      0      0      0      0      0      0      0      0      0      0      0      0      3      0      0      0      0      0      0      0      0      0      0      0      0      0      0      0      0      0      0      0      0      0      0     
0x7f1ae3b9fae0           F2FP.BF16.F32.PACK_AB R126, R126, R127                          8      3      8      35968   1150976   1150976   32     32     0      -             -          -      0         0      0         0         0        0         0         0         -      0      0      0      0      0      0      0      0      0      0      0      0      0      0      0      0      0      0      1      4      0      0      0      3      0      0      0      0      0      0      0      0      0      0      0      0      0      0      0      0      0      3     
0x7f1ae3b9faf0           LEA.HI R28, R28, UR8, RZ, 0x1c                                  5      2      5      35968   1150976   1150976   32     32     0      -             -          -      0         0      0         0         0        0         0         0         -      0      0      0      0      0      0      0      0      0      0      0      0      0      0      0      0      0      0      0      2      0      0      0      3      0      0      0      0      0      0      0      0      0      0      0      0      0      0      0      0      0      2     
0x7f1ae3b9fb00           ISETP.LT.U32.AND P2, PT, R29, R106, !P0                         9      6      9      35968   1150976   1150976   32     32     0      -             -          -      0         0      0         0         0        0         0         0         -      0      0      0      0      0      0      0      0      0      0      0      0      0      0      0      0      0      0      0      3      0      0      0      6      0      0      0      0      0      0      0      0      0      0      0      0      0      0      0      0      0      6     
0x7f1ae3b9fb10           LOP3.LUT R27, R158, 0x78, R27, 0xf8, !PT                        4      3      4      35968   1150976   1150976   32     32     0      -             -          -      0         0      0         0         0        0         0         0         -      0      0      0      0      0      0      0      0      0      0      0      0      0      0      0      0      0      0      0      1      0      0      0      3      0      0      0      0      0      0      0      0      0      0      0      0      0      0      0      0      0      3     
0x7f1ae3b9fb20           PRMT R39, R110, 0x7610, R39                                     39     24     39     35968   1150976   1150976   32     32     0      -             -          -      0         0      0         0         0        0         0         0         -      0      0      0      0      0      0      0      0      0      0      0      0      0      5      0      0      0      0      4      0      26     0      0      4      0      0      0      0      0      0      0      5      0      0      0      0      0      0      15     0      0      4     
0x7f1ae3b9fb30           IMAD.WIDE.U32 R2, R27, 0x2, R2                                  7      4      7      35968   1150976   1150976   32     32     0      -             -          -      0         0      0         0         0        0         0         0         -      0      0      0      0      0      0      0      0      0      0      0      0      0      0      0      0      0      0      1      1      0      0      0      5      0      0      0      0      0      0      0      0      0      0      0      0      0      0      0      0      0      4     
0x7f1ae3b9fb40           PRMT R45, R35, 0x5410, R36                                      1      0      1      35968   1150976   1150976   32     32     0      -             -          -      0         0      0         0         0        0         0         0         -      0      0      0      0      0      0      0      0      0      0      0      0      0      0      0      0      0      0      0      1      0      0      0      0      0      0      0      0      0      0      0      0      0      0      0      0      0      0      0      0      0      0     
0x7f1ae3b9fb50           SEL R39, R39, RZ, P1                                            4      4      4      35968   1150976   1150976   32     32     0      -             -          -      0         0      0         0         0        0         0         0         -      0      0      0      0      0      0      0      0      0      0      0      0      0      0      0      0      0      0      0      0      0      0      0      4      0      0      0      0      0      0      0      0      0      0      0      0      0      0      0      0      0      4     
0x7f1ae3b9fb60           IMAD.WIDE.U32 R24, R27, 0x2, R24                                3      0      3      35968   1150976   1150976   32     32     0      -             -          -      0         0      0         0         0        0         0         0         -      0      0      0      0      0      0      0      0      0      0      0      0      0      0      0      0      0      0      0      3      0      0      0      0      0      0      0      0      0      0      0      0      0      0      0      0      0      0      0      0      0      0     
0x7f1ae3b9fb70           PRMT R46, R37, 0x5410, R38                                      6      0      6      35968   1150976   1150976   32     32     0      -             -          -      0         0      0         0         0        0         0         0         -      0      0      0      0      0      0      0      0      3      0      0      0      0      0      0      0      0      0      0      3      0      0      0      0      0      0      0      0      0      0      0      0      0      0      0      0      0      0      0      0      0      0     
0x7f1ae3b9fb80           F2FP.BF16.F32.PACK_AB R36, R116, R129                           3      0      3      35968   1150976   1150976   32     32     0      -             -          -      0         0      0         0         0        0         0         0         -      0      0      0      0      0      0      0      0      0      0      0      0      0      0      0      0      0      0      0      2      0      0      0      1      0      0      0      0      0      0      0      0      0      0      0      0      0      0      0      0      0      0     
0x7f1ae3b9fb90           IMAD.WIDE.U32 R22, R27, 0x2, R22                                0      0      0      35968   1150976   1150976   32     32     0      -             -          -      0         0      0         0         0        0         0         0         -      0      0      0      0      0      0      0      0      0      0      0      0      0      0      0      0      0      0      0      0      0      0      0      0      0      0      0      0      0      0      0      0      0      0      0      0      0      0      0      0      0      0     
0x7f1ae3b9fba0           F2FP.BF16.F32.PACK_AB R38, R0, R125                             8      0      8      35968   1150976   1150976   32     32     0      -             -          -      0         0      0         0         0        0         0         0         -      0      0      0      0      0      0      0      0      4      0      0      0      0      0      0      0      0      0      0      4      0      0      0      0      0      0      0      0      0      0      0      0      0      0      0      0      0      0      0      0      0      0     
0x7f1ae3b9fbb0           PRMT R44, R33, 0x5410, R34                                      6      3      6      35968   1150976   1150976   32     32     0      -             -          -      0         0      0         0         0        0         0         0         -      0      0      0      0      0      0      0      0      0      0      0      0      0      0      0      0      0      0      0      3      0      0      0      3      0      0      0      0      0      0      0      0      0      0      0      0      0      0      0      0      0      3     
0x7f1ae3b9fbc0           IMAD.WIDE.U32 R20, R27, 0x2, R20                                2      0      2      35968   1150976   1150976   32     32     0      -             -          -      0         0      0         0         0        0         0         0         -      0      0      0      0      0      0      0      0      0      0      0      0      0      0      0      0      0      0      0      2      0      0      0      0      0      0      0      0      0      0      0      0      0      0      0      0      0      0      0      0      0      0     
0x7f1ae3b9fbd0           PRMT R47, R39, 0x5410, R40                                      6      0      6      35968   1150976   1150976   32     32     0      -             -          -      0         0      0         0         0        0         0         0         -      0      0      0      0      0      0      0      0      3      0      0      0      0      0      0      0      0      0      0      3      0      0      0      0      0      0      0      0      0      0      0      0      0      0      0      0      0      0      0      0      0      0     
0x7f1ae3b9fbe0           PRMT R34, R113, 0x7632, R34                                     20     11     20     35968   1150976   1150976   32     32     0      -             -          -      0         0      0         0         0        0         0         0         -      0      0      0      0      0      0      0      0      6      0      0      0      0      3      0      0      0      0      7      2      0      0      0      2      0      0      6      0      0      0      0      3      0      0      0      0      0      0      0      0      0      2     
0x7f1ae3b9fbf0           PRMT R33, R113, 0x7610, R33                                     4      3      4      35968   1150976   1150976   32     32     0      -             -          -      0         0      0         0         0        0         0         0         -      0      0      0      0      0      0      0      0      0      0      0      0      0      0      0      0      0      0      1      0      0      0      0      3      0      0      0      0      0      0      0      0      0      0      0      0      0      0      0      0      0      3     
0x7f1ae3b9fc00           STS.128 [R41+UR9], R44                                          3      0      3      35968   1150976   1150976   32     32     0      Shared        Store      128    0         4      0         143872    143872   0         0         0         -      0      0      0      0      0      0      0      0      0      0      0      0      0      0      0      0      0      0      0      3      0      0      0      0      0      0      0      0      0      0      0      0      0      0      0      0      0      0      0      0      0      0     
0x7f1ae3b9fc10           PRMT R37, R36, 0x7632, R37                                      2      0      2      35968   1150976   1150976   32     32     0      -             -          -      0         0      0         0         0        0         0         0         -      0      0      0      0      0      0      0      0      0      0      0      0      0      0      0      0      0      0      0      2      0      0      0      0      0      0      0      0      0      0      0      0      0      0      0      0      0      0      0      0      0      0     
0x7f1ae3b9fc20           PRMT R39, R38, 0x7632, R39                                      3      2      3      35968   1150976   1150976   32     32     0      -             -          -      0         0      0         0         0        0         0         0         -      0      0      0      0      0      0      0      0      0      0      0      0      0      0      0      0      0      0      0      1      0      0      0      2      0      0      0      0      0      0      0      0      0      0      0      0      0      0      0      0      0      2     
0x7f1ae3b9fc30           PRMT R35, R112, 0x7632, R35                                     4      1      4      35968   1150976   1150976   32     32     0      -             -          -      0         0      0         0         0        0         0         0         -      0      0      0      0      0      0      0      0      0      0      0      0      0      0      0      0      0      0      1      1      0      0      0      2      0      0      0      0      0      0      0      0      0      0      0      0      0      0      0      0      0      1     
0x7f1ae3b9fc40           PRMT R0, R112, 0x7610, R0                                       6      2      6      35968   1150976   1150976   32     32     0      -             -          -      0         0      0         0         0        0         0         0         -      0      0      0      0      0      0      0      0      0      0      0      0      0      0      0      0      0      0      0      3      0      0      0      3      0      0      0      0      0      0      0      0      0      0      0      0      0      0      0      0      0      2     
0x7f1ae3b9fc50           SEL R34, R34, RZ, P1                                            8      3      8      35968   1150976   1150976   32     32     0      -             -          -      0         0      0         0         0        0         0         0         -      0      0      0      0      0      0      0      0      0      0      0      0      0      0      0      0      0      0      0      4      0      0      0      4      0      0      0      0      0      0      0      0      0      0      0      0      0      0      0      0      0      3     
0x7f1ae3b9fc60           SEL R33, R33, RZ, P1                                            6      1      6      35968   1150976   1150976   32     32     0      -             -          -      0         0      0         0         0        0         0         0         -      0      0      0      0      0      0      0      0      0      0      0      0      0      0      0      0      0      0      0      5      0      0      0      1      0      0      0      0      0      0      0      0      0      0      0      0      0      0      0      0      0      1     
0x7f1ae3b9fc70           SEL R37, R37, RZ, P1                                            7      3      7      35968   1150976   1150976   32     32     0      -             -          -      0         0      0         0         0        0         0         0         -      0      0      0      0      0      0      0      0      0      0      0      0      0      0      0      0      0      0      1      3      0      0      0      3      0      0      0      0      0      0      0      0      0      0      0      0      0      0      0      0      0      3     
0x7f1ae3b9fc80           SEL R36, R36, RZ, P1                                            3      0      3      35968   1150976   1150976   32     32     0      -             -          -      0         0      0         0         0        0         0         0         -      0      0      0      0      0      0      0      0      0      0      0      0      0      0      0      0      0      0      0      3      0      0      0      0      0      0      0      0      0      0      0      0      0      0      0      0      0      0      0      0      0      0     
0x7f1ae3b9fc90           SEL R39, R39, RZ, P1                                            6      2      6      35968   1150976   1150976   32     32     0      -             -          -      0         0      0         0         0        0         0         0         -      0      0      0      0      0      0      0      0      0      0      0      0      0      0      0      0      0      0      0      3      0      0      0      3      0      0      0      0      0      0      0      0      0      0      0      0      0      0      0      0      0      2     
0x7f1ae3b9fca0           SEL R38, R38, RZ, P1                                            7      4      7      35968   1150976   1150976   32     32     0      -             -          -      0         0      0         0         0        0         0         0         -      0      0      0      0      0      0      0      0      0      0      0      0      0      0      0      0      0      0      1      1      0      0      0      5      0      0      0      0      0      0      0      0      0      0      0      0      0      0      0      0      0      4     
0x7f1ae3b9fcb0           SEL R35, R35, RZ, P1                                            3      2      3      35968   1150976   1150976   32     32     0      -             -          -      0         0      0         0         0        0         0         0         -      0      0      0      0      0      0      0      0      0      0      0      0      0      0      0      0      0      0      0      1      0      0      0      2      0      0      0      0      0      0      0      0      0      0      0      0      0      0      0      0      0      2     
0x7f1ae3b9fcc0           SEL R0, R0, RZ, P1                                              3      1      3      35968   1150976   1150976   32     32     0      -             -          -      0         0      0         0         0        0         0         0         -      0      0      0      0      0      0      0      0      0      0      0      0      0      0      0      0      0      0      0      2      0      0      0      1      0      0      0      0      0      0      0      0      0      0      0      0      0      0      0      0      0      1     
0x7f1ae3b9fcd0           PRMT R44, R33, 0x5410, R34                                      19     6      19     35968   1150976   1150976   32     32     0      -             -          -      0         0      0         0         0        0         0         0         -      0      0      0      0      0      0      0      0      3      0      0      0      0      0      0      0      0      0      3      2      4      0      0      7      0      0      0      0      0      0      0      0      0      0      0      0      0      0      3      0      0      3     
0x7f1ae3b9fce0           PRMT R46, R36, 0x5410, R37                                      2      0      2      35968   1150976   1150976   32     32     0      -             -          -      0         0      0         0         0        0         0         0         -      0      0      0      0      0      0      0      0      0      0      0      0      0      0      0      0      0      0      1      1      0      0      0      0      0      0      0      0      0      0      0      0      0      0      0      0      0      0      0      0      0      0     
0x7f1ae3b9fcf0           PRMT R47, R38, 0x5410, R39                                      8      4      8      35968   1150976   1150976   32     32     0      -             -          -      0         0      0         0         0        0         0         0         -      0      0      0      0      0      0      0      0      0      0      0      0      0      0      0      0      0      0      0      4      0      0      0      4      0      0      0      0      0      0      0      0      0      0      0      0      0      0      0      0      0      4     
0x7f1ae3b9fd00           F2FP.BF16.F32.PACK_AB R34, R122, R123                           7      3      7      35968   1150976   1150976   32     32     0      -             -          -      0         0      0         0         0        0         0         0         -      0      0      0      0      0      0      0      0      0      0      0      0      0      0      0      0      0      0      0      4      0      0      0      3      0      0      0      0      0      0      0      0      0      0      0      0      0      0      0      0      0      3     
0x7f1ae3b9fd10           F2FP.BF16.F32.PACK_AB R36, R118, R121                           7      3      7      35968   1150976   1150976   32     32     0      -             -          -      0         0      0         0         0        0         0         0         -      0      0      0      0      0      0      0      0      0      0      0      0      0      0      0      0      0      0      2      1      0      0      0      4      0      0      0      0      0      0      0      0      0      0      0      0      0      0      0      0      0      3     
0x7f1ae3b9fd20           F2FP.BF16.F32.PACK_AB R38, R120, R119                           3      0      3      35968   1150976   1150976   32     32     0      -             -          -      0         0      0         0         0        0         0         0         -      0      0      0      0      0      0      0      0      0      0      0      0      0      0      0      0      0      0      0      3      0      0      0      0      0      0      0      0      0      0      0      0      0      0      0      0      0      0      0      0      0      0     
0x7f1ae3b9fd30           PRMT R45, R0, 0x5410, R35                                       6      3      6      35968   1150976   1150976   32     32     0      -             -          -      0         0      0         0         0        0         0         0         -      0      0      0      0      0      0      0      0      0      0      0      0      0      0      0      0      0      0      1      2      0      0      0      3      0      0      0      0      0      0      0      0      0      0      0      0      0      0      0      0      0      3     
0x7f1ae3b9fd40           PRMT R33, R126, 0x7632, R33                                     5      3      5      35968   1150976   1150976   32     32     0      -             -          -      0         0      0         0         0        0         0         0         -      0      0      0      0      0      0      0      0      0      0      0      0      0      0      0      0      0      0      0      2      0      0      0      3      0      0      0      0      0      0      0      0      0      0      0      0      0      0      0      0      0      3     
0x7f1ae3b9fd50           PRMT R0, R126, 0x7610, R0                                       4      2      4      35968   1150976   1150976   32     32     0      -             -          -      0         0      0         0         0        0         0         0         -      0      0      0      0      0      0      0      0      0      0      0      0      0      0      0      0      0      0      0      1      0      0      0      3      0      0      0      0      0      0      0      0      0      0      0      0      0      0      0      0      0      2     
0x7f1ae3b9fd60           STS.128 [R42+UR9], R44                                          1      0      1      35968   1150976   1150976   32     32     0      Shared        Store      128    0         4      0         143872    143872   0         0         0         -      0      0      0      0      0      0      0      0      0      0      0      0      0      0      0      0      0      0      0      1      0      0      0      0      0      0      0      0      0      0      0      0      0      0      0      0      0      0      0      0      0      0     
0x7f1ae3b9fd70           PRMT R35, R34, 0x7632, R35                                      2      0      2      35968   1150976   1150976   32     32     0      -             -          -      0         0      0         0         0        0         0         0         -      0      0      0      0      0      0      0      0      0      0      0      0      0      0      0      0      0      0      0      2      0      0      0      0      0      0      0      0      0      0      0      0      0      0      0      0      0      0      0      0      0      0     
0x7f1ae3b9fd80           PRMT R37, R36, 0x7632, R37                                      7      4      7      35968   1150976   1150976   32     32     0      -             -          -      0         0      0         0         0        0         0         0         -      0      0      0      0      0      0      0      0      0      0      0      0      0      0      0      0      0      0      0      2      0      0      0      5      0      0      0      0      0      0      0      0      0      0      0      0      0      0      0      0      0      4     
0x7f1ae3b9fd90           PRMT R39, R38, 0x7632, R39                                      3      1      3      35968   1150976   1150976   32     32     0      -             -          -      0         0      0         0         0        0         0         0         -      0      0      0      0      0      0      0      0      0      0      0      0      0      0      0      0      0      0      0      2      0      0      0      1      0      0      0      0      0      0      0      0      0      0      0      0      0      0      0      0      0      1     
0x7f1ae3b9fda0           SEL R33, R33, RZ, P1                                            7      5      7      35968   1150976   1150976   32     32     0      -             -          -      0         0      0         0         0        0         0         0         -      0      0      0      0      0      0      0      0      0      0      0      0      0      0      0      0      0      0      0      0      0      0      0      7      0      0      0      0      0      0      0      0      0      0      0      0      0      0      0      0      0      5     
0x7f1ae3b9fdb0           SEL R0, R0, RZ, P1                                              6      5      6      35968   1150976   1150976   32     32     0      -             -          -      0         0      0         0         0        0         0         0         -      0      0      0      0      0      0      0      0      0      0      0      0      0      0      0      0      0      0      0      0      0      0      0      6      0      0      0      0      0      0      0      0      0      0      0      0      0      0      0      0      0      5     
0x7f1ae3b9fdc0           SEL R35, R35, RZ, P1                                            5      2      5      35968   1150976   1150976   32     32     0      -             -          -      0         0      0         0         0        0         0         0         -      0      0      0      0      0      0      0      0      0      0      0      0      0      0      0      0      0      0      0      3      0      0      0      2      0      0      0      0      0      0      0      0      0      0      0      0      0      0      0      0      0      2     
0x7f1ae3b9fdd0           SEL R34, R34, RZ, P1                                            8      4      8      35968   1150976   1150976   32     32     0      -             -          -      0         0      0         0         0        0         0         0         -      0      0      0      0      0      0      0      0      0      0      0      0      0      0      0      0      0      0      0      3      0      0      0      5      0      0      0      0      0      0      0      0      0      0      0      0      0      0      0      0      0      4     
0x7f1ae3b9fde0           SEL R40, R37, RZ, P1                                            3      0      3      35968   1150976   1150976   32     32     0      -             -          -      0         0      0         0         0        0         0         0         -      0      0      0      0      0      0      0      0      0      0      0      0      0      0      0      0      0      0      1      1      0      0      0      1      0      0      0      0      0      0      0      0      0      0      0      0      0      0      0      0      0      0     
0x7f1ae3b9fdf0           SEL R41, R36, RZ, P1                                            5      1      5      35968   1150976   1150976   32     32     0      -             -          -      0         0      0         0         0        0         0         0         -      0      0      0      0      0      0      0      0      0      0      0      0      0      0      0      0      0      0      1      3      0      0      0      1      0      0      0      0      0      0      0      0      0      0      0      0      0      0      0      0      0      1     
0x7f1ae3b9fe00           SEL R39, R39, RZ, P1                                            13     5      13     35968   1150976   1150976   32     32     0      -             -          -      0         0      0         0         0        0         0         0         -      0      0      0      0      0      0      0      0      1      0      0      0      0      0      0      0      0      0      1      6      0      0      0      5      0      0      0      0      0      0      0      0      0      0      0      0      0      0      0      0      0      5     
0x7f1ae3b9fe10           SEL R42, R38, RZ, P1                                            15     5      15     35968   1150976   1150976   32     32     0      -             -          -      0         0      0         0         0        0         0         0         -      0      0      0      0      0      0      0      0      0      0      0      0      0      3      0      0      0      0      2      1      9      0      0      0      0      0      0      0      0      0      0      1      0      0      0      0      0      0      4      0      0      0     
0x7f1ae3b9fe20           PRMT R36, R0, 0x5410, R33                                       0      0      0      35968   1150976   1150976   32     32     0      -             -          -      0         0      0         0         0        0         0         0         -      0      0      0      0      0      0      0      0      0      0      0      0      0      0      0      0      0      0      0      0      0      0      0      0      0      0      0      0      0      0      0      0      0      0      0      0      0      0      0      0      0      0     
0x7f1ae3b9fe30           VIADD R0, R28, 0x38                                             3      0      3      35968   1150976   1150976   32     32     0      -             -          -      0         0      0         0         0        0         0         0         -      0      0      0      0      0      0      0      0      1      0      0      0      0      0      0      0      0      0      0      2      0      0      0      0      0      0      0      0      0      0      0      0      0      0      0      0      0      0      0      0      0      0     
0x7f1ae3b9fe40           PRMT R37, R34, 0x5410, R35                                      3      0      3      35968   1150976   1150976   32     32     0      -             -          -      0         0      0         0         0        0         0         0         -      0      0      0      0      0      0      0      0      0      0      0      0      0      0      0      0      0      0      0      3      0      0      0      0      0      0      0      0      0      0      0      0      0      0      0      0      0      0      0      0      0      0     
0x7f1ae3b9fe50           PRMT R38, R41, 0x5410, R40                                      4      2      4      35968   1150976   1150976   32     32     0      -             -          -      0         0      0         0         0        0         0         0         -      0      0      0      0      0      0      0      0      0      0      0      0      0      0      0      0      0      0      1      1      0      0      0      2      0      0      0      0      0      0      0      0      0      0      0      0      0      0      0      0      0      2     
0x7f1ae3b9fe60           PRMT R39, R42, 0x5410, R39                                      6      1      6      35968   1150976   1150976   32     32     0      -             -          -      0         0      0         0         0        0         0         0         -      0      0      0      0      0      0      0      0      1      0      0      0      0      0      0      0      0      0      1      3      0      0      0      1      0      0      1      0      0      0      0      0      0      0      0      0      0      0      0      0      0      0     
0x7f1ae3b9fe70           LOP3.LUT R41, R29, 0x20, RZ, 0xfc, !PT                          7      3      7      35968   1150976   1150976   32     32     0      -             -          -      0         0      0         0         0        0         0         0         -      0      0      0      0      0      0      0      0      0      0      0      0      0      0      0      0      0      0      1      3      0      0      0      3      0      0      0      0      0      0      0      0      0      0      0      0      0      0      0      0      0      3     
0x7f1ae3b9fe80           LOP3.LUT R40, R29, 0x28, RZ, 0xfc, !PT                          6      5      6      35968   1150976   1150976   32     32     0      -             -          -      0         0      0         0         0        0         0         0         -      0      0      0      0      0      0      0      0      0      0      0      0      0      0      0      0      0      0      0      1      0      0      0      5      0      0      0      0      0      0      0      0      0      0      0      0      0      0      0      0      0      5     
0x7f1ae3b9fe90           STS.128 [R43+UR9], R36                                          1      0      1      35968   1150976   1150976   32     32     0      Shared        Store      128    0         4      0         143872    143872   0         0         0         -      0      0      0      0      0      0      0      0      0      0      0      0      0      0      0      0      0      0      0      1      0      0      0      0      0      0      0      0      0      0      0      0      0      0      0      0      0      0      0      0      0      0     
0x7f1ae3b9fea0           BAR.SYNC.DEFER_BLOCKING 0x0                                     4      0      4      35968   1150976   1150976   32     32     0      -             -          -      0         0      0         0         0        0         0         0         -      0      0      0      0      0      0      0      0      0      0      0      0      0      0      0      0      0      0      0      4      0      0      0      0      0      0      0      0      0      0      0      0      0      0      0      0      0      0      0      0      0      0     
0x7f1ae3b9feb0           IADD3 R56, P3, R107, R41, RZ                                    5      0      5      35968   1150976   1150976   32     32     0      -             -          -      0         0      0         0         0        0         0         0         -      0      0      0      0      0      0      0      0      1      0      0      0      0      0      0      0      0      0      0      4      0      0      0      0      0      0      0      0      0      0      0      0      0      0      0      0      0      0      0      0      0      0     
0x7f1ae3b9fec0           IADD3 R35, P4, R107, R40, RZ                                    6      5      6      35968   1150976   1150976   32     32     0      -             -          -      0         0      0         0         0        0         0         0         -      0      0      0      0      0      0      0      0      0      0      0      0      0      0      0      0      0      0      0      1      0      0      0      5      0      0      0      0      0      0      0      0      0      0      0      0      0      0      0      0      0      5     
0x7f1ae3b9fed0           LOP3.LUT R33, R29, 0x30, RZ, 0xfc, !PT                          8      4      8      35968   1150976   1150976   32     32     0      -             -          -      0         0      0         0         0        0         0         0         -      0      0      0      0      0      0      0      0      0      0      0      0      0      0      0      0      0      0      0      4      0      0      0      4      0      0      0      0      0      0      0      0      0      0      0      0      0      0      0      0      0      4     
0x7f1ae3b9fee0           IMAD.X R57, RZ, RZ, R30, P3                                     1      0      1      35968   1150976   1150976   32     32     0      -             -          -      0         0      0         0         0        0         0         0         -      0      0      0      0      0      0      0      0      0      0      0      0      0      0      0      0      0      0      0      1      0      0      0      0      0      0      0      0      0      0      0      0      0      0      0      0      0      0      0      0      0      0     
0x7f1ae3b9fef0           ISETP.LT.U32.AND P1, PT, R0, R106, !P0                          2      0      2      35968   1150976   1150976   32     32     0      -             -          -      0         0      0         0         0        0         0         0         -      0      0      0      0      0      0      0      0      0      0      0      0      0      0      0      0      0      0      0      2      0      0      0      0      0      0      0      0      0      0      0      0      0      0      0      0      0      0      0      0      0      0     
0x7f1ae3b9ff00           IMAD.X R42, RZ, RZ, R30, P4                                     3      0      3      35968   1150976   1150976   32     32     0      -             -          -      0         0      0         0         0        0         0         0         -      0      0      0      0      0      0      0      0      0      0      0      0      0      0      0      0      0      0      0      3      0      0      0      0      0      0      0      0      0      0      0      0      0      0      0      0      0      0      0      0      0      0     
0x7f1ae3b9ff10           LEA R28, P4, R56, UR4, 0xd                                      1      0      1      35968   1150976   1150976   32     32     0      -             -          -      0         0      0         0         0        0         0         0         -      0      0      0      0      0      0      0      0      0      0      0      0      0      0      0      0      0      0      0      1      0      0      0      0      0      0      0      0      0      0      0      0      0      0      0      0      0      0      0      0      0      0     
0x7f1ae3b9ff20           IADD3 R0, P3, R107, R0, RZ                                      3      1      3      35968   1150976   1150976   32     32     0      -             -          -      0         0      0         0         0        0         0         0         -      0      0      0      0      0      0      0      0      0      0      0      0      0      0      0      0      0      0      0      2      0      0      0      1      0      0      0      0      0      0      0      0      0      0      0      0      0      0      0      0      0      1     
0x7f1ae3b9ff30           LEA.HI.X R29, R56, UR5, R57, 0xd, P4                            2      1      2      35968   1150976   1150976   32     32     0      -             -          -      0         0      0         0         0        0         0         0         -      0      0      0      0      0      0      0      0      0      0      0      0      0      0      0      0      0      0      0      1      0      0      0      1      0      0      0      0      0      0      0      0      0      0      0      0      0      0      0      0      0      1     
0x7f1ae3b9ff40           IADD3 R107, P4, R107, R33, RZ                                   5      4      5      35968   1150976   1150976   32     32     0      -             -          -      0         0      0         0         0        0         0         0         -      0      0      0      0      0      0      0      0      0      0      0      0      0      0      0      0      0      0      0      1      0      0      0      4      0      0      0      0      0      0      0      0      0      0      0      0      0      0      0      0      0      4     
0x7f1ae3b9ff50           IMAD.X R39, RZ, RZ, R30, P3                                     20     7      20     35968   1150976   1150976   32     32     0      -             -          -      0         0      0         0         0        0         0         0         -      0      0      0      0      0      0      0      0      0      0      0      0      0      1      0      0      0      0      6      1      12     0      0      0      0      0      0      0      0      0      0      0      0      0      0      0      0      0      7      0      0      0     
0x7f1ae3b9ff60           LEA R34, P5, R35, UR4, 0xd                                      2      0      2      35968   1150976   1150976   32     32     0      -             -          -      0         0      0         0         0        0         0         0         -      0      0      0      0      0      0      0      0      0      0      0      0      0      0      0      0      0      0      0      2      0      0      0      0      0      0      0      0      0      0      0      0      0      0      0      0      0      0      0      0      0      0     
0x7f1ae3b9ff70           IMAD.WIDE.U32 R28, R27, 0x2, R28                                3      0      3      35968   1150976   1150976   32     32     0      -             -          -      0         0      0         0         0        0         0         0         -      0      0      0      0      0      0      0      0      0      0      0      0      0      0      0      0      0      0      0      3      0      0      0      0      0      0      0      0      0      0      0      0      0      0      0      0      0      0      0      0      0      0     
0x7f1ae3b9ff80           LEA R38, P3, R0, UR4, 0xd                                       1      0      1      35968   1150976   1150976   32     32     0      -             -          -      0         0      0         0         0        0         0         0         -      0      0      0      0      0      0      0      0      0      0      0      0      0      0      0      0      0      0      0      1      0      0      0      0      0      0      0      0      0      0      0      0      0      0      0      0      0      0      0      0      0      0     
0x7f1ae3b9ff90           LEA.HI.X R35, R35, UR5, R42, 0xd, P5                            11     7      11     35968   1150976   1150976   32     32     0      -             -          -      0         0      0         0         0        0         0         0         -      0      0      0      0      0      0      0      0      3      0      0      0      0      1      0      0      0      0      2      2      0      0      0      3      0      0      3      0      0      0      0      1      0      0      0      0      0      0      0      0      0      3     
0x7f1ae3b9ffa0           IMAD.X R30, RZ, RZ, R30, P4                                     2      0      2      35968   1150976   1150976   32     32     0      -             -          -      0         0      0         0         0        0         0         0         -      0      0      0      0      0      0      0      0      0      0      0      0      0      0      0      0      0      0      0      2      0      0      0      0      0      0      0      0      0      0      0      0      0      0      0      0      0      0      0      0      0      0     
0x7f1ae3b9ffb0           LEA R36, P4, R107, UR4, 0xd                                     7      0      7      35968   1150976   1150976   32     32     0      -             -          -      0         0      0         0         0        0         0         0         -      0      0      0      0      0      0      0      0      3      0      0      0      0      0      0      0      0      0      0      4      0      0      0      0      0      0      0      0      0      0      0      0      0      0      0      0      0      0      0      0      0      0     
0x7f1ae3b9ffc0           LDSM.16.M88.4 R44, [R26+UR9]                                    4      1      4      35968   1150976   1150976   32     32     0      Shared        Load       128    0         4      0         143872    143872   0         0         0         -      0      0      0      0      0      0      2      0      0      0      0      0      0      0      0      0      0      0      0      2      0      0      0      0      1      0      0      0      0      0      0      0      0      0      0      0      0      0      0      0      0      0     
0x7f1ae3b9ffd0           ISETP.LT.U32.AND P5, PT, R31, R106, !P0                         3      0      3      35968   1150976   1150976   32     32     0      -             -          -      0         0      0         0         0        0         0         0         -      0      0      0      0      0      0      0      0      0      0      0      0      0      0      0      0      0      0      0      3      0      0      0      0      0      0      0      0      0      0      0      0      0      0      0      0      0      0      0      0      0      0     
0x7f1ae3b9ffe0           LEA.HI.X R37, R107, UR5, R30, 0xd, P4                           4      1      4      35968   1150976   1150976   32     32     0      -             -          -      0         0      0         0         0        0         0         0         -      0      0      0      0      0      0      0      0      0      0      0      0      0      0      0      0      0      0      1      2      0      0      0      1      0      0      0      0      0      0      0      0      0      0      0      0      0      0      0      0      0      1     
0x7f1ae3b9fff0           LDSM.16.M88.4 R48, [R26+UR9+0x200]                              3      0      3      35968   1150976   1150976   32     32     0      Shared        Load       128    0         4      0         143872    143872   0         0         0         -      0      0      0      0      0      0      0      0      0      0      0      0      0      0      0      0      0      0      0      3      0      0      0      0      0      0      0      0      0      0      0      0      0      0      0      0      0      0      0      0      0      0     
0x7f1ae3ba0000           ISETP.LT.U32.AND P4, PT, R32, R106, !P0                         2      0      2      35968   1150976   1150976   32     32     0      -             -          -      0         0      0         0         0        0         0         0         -      0      0      0      0      0      0      0      0      0      0      0      0      0      0      0      0      0      0      0      2      0      0      0      0      0      0      0      0      0      0      0      0      0      0      0      0      0      0      0      0      0      0     
0x7f1ae3ba0010           IMAD.WIDE.U32 R30, R27, 0x2, R34                                2      0      2      35968   1150976   1150976   32     32     0      -             -          -      0         0      0         0         0        0         0         0         -      0      0      0      0      0      0      0      0      0      0      0      0      0      0      0      0      0      0      0      2      0      0      0      0      0      0      0      0      0      0      0      0      0      0      0      0      0      0      0      0      0      0     
0x7f1ae3ba0020           LEA.HI.X R39, R0, UR5, R39, 0xd, P3                             2      0      2      35968   1150976   1150976   32     32     0      -             -          -      0         0      0         0         0        0         0         0         -      0      0      0      0      0      0      0      0      0      0      0      0      0      0      0      0      0      0      0      2      0      0      0      0      0      0      0      0      0      0      0      0      0      0      0      0      0      0      0      0      0      0     
0x7f1ae3ba0030           LDSM.16.M88.4 R52, [R26+UR9+0x400]                              3      0      3      35968   1150976   1150976   32     32     0      Shared        Load       128    0         4      0         143872    143872   0         0         0         -      0      0      0      0      0      0      0      0      0      0      0      0      0      0      0      0      0      0      0      3      0      0      0      0      0      0      0      0      0      0      0      0      0      0      0      0      0      0      0      0      0      0     
0x7f1ae3ba0040           ISETP.LT.U32.AND P3, PT, R41, R106, !P0                         4      0      4      35968   1150976   1150976   32     32     0      -             -          -      0         0      0         0         0        0         0         0         -      0      0      0      0      0      0      0      0      0      0      0      0      0      0      0      0      0      0      0      4      0      0      0      0      0      0      0      0      0      0      0      0      0      0      0      0      0      0      0      0      0      0     
0x7f1ae3ba0050     @P2   STG.E.128 desc[UR12][R2.64], R16                                18     11     18     35968   1150976   1132032   32     31     0      Global        Store      128    141504    0      0         0         0        0         566016    566016           0      0      0      0      0      0      0      0      0      0      0      0      0      0      0      0      0      0      4      1      0      0      0      13     0      0      0      0      0      0      0      0      0      0      0      0      0      0      0      0      0      11    
0x7f1ae3ba0060           ISETP.LT.U32.AND P2, PT, R40, R106, !P0                         6      0      6      35968   1150976   1150976   32     32     0      -             -          -      0         0      0         0         0        0         0         0         -      0      0      0      0      0      0      0      0      0      0      0      0      0      0      0      0      0      0      0      6      0      0      0      0      0      0      0      0      0      0      0      0      0      0      0      0      0      0      0      0      0      0     
0x7f1ae3ba0070           ISETP.LT.U32.AND P0, PT, R33, R106, !P0                         4      1      4      35968   1150976   1150976   32     32     0      -             -          -      0         0      0         0         0        0         0         0         -      0      0      0      0      0      0      0      0      0      0      0      0      0      0      0      0      0      0      0      3      0      0      0      1      0      0      0      0      0      0      0      0      0      0      0      0      0      0      0      0      0      1     
0x7f1ae3ba0080           LDSM.16.M88.4 R56, [R26+UR9+0x600]                              0      0      0      35968   1150976   1150976   32     32     0      Shared        Load       128    0         4      0         143872    143872   0         0         0         -      0      0      0      0      0      0      0      0      0      0      0      0      0      0      0      0      0      0      0      0      0      0      0      0      0      0      0      0      0      0      0      0      0      0      0      0      0      0      0      0      0      0     
0x7f1ae3ba0090           IMAD.WIDE.U32 R32, R27, 0x2, R38                                3      0      3      35968   1150976   1150976   32     32     0      -             -          -      0         0      0         0         0        0         0         0         -      0      0      0      0      0      0      0      0      0      0      0      0      0      0      0      0      0      0      0      3      0      0      0      0      0      0      0      0      0      0      0      0      0      0      0      0      0      0      0      0      0      0     
0x7f1ae3ba00a0           IMAD.WIDE.U32 R26, R27, 0x2, R36                                60     31     60     35968   1150976   1150976   32     32     0      -             -          -      0         0      0         0         0        0         0         0         -      0      0      0      0      0      0      0      0      0      0      0      0      0      1      0      0      0      0      3      3      47     0      0      6      0      0      0      0      0      0      0      0      0      0      0      0      0      0      28     0      0      3     
0x7f1ae3ba00b0     @P6   STG.E.128 desc[UR12][R24.64], R44                               17     13     17     35968   1150976   1102336   32     30     0      Global        Store      128    137792    0      0         0         0        0         551168    551168           0      0      0      0      0      0      0      0      0      0      0      0      0      0      0      0      0      0      0      3      14     0      0      0      0      0      0      0      0      0      0      0      0      0      0      0      0      0      13     0      0      0     
0x7f1ae3ba00c0     @P5   STG.E.128 desc[UR12][R22.64], R12                               20     8      20     35968   1150976   1074688   32     29     0      Global        Store      128    134336    0      0         0         0        0         537344    537344           0      0      0      0      0      0      0      0      7      0      0      0      0      0      0      0      0      0      1      8      0      0      0      4      0      0      5      0      0      0      0      0      0      0      0      0      0      0      0      0      0      3     
0x7f1ae3ba00d0     @P4   STG.E.128 desc[UR12][R20.64], R48                               16     7      16     35968   1150976   1057280   32     29     0      Global        Store      128    132160    0      0         0         0        0         528640    528640           0      0      0      0      0      0      0      0      0      0      0      0      0      0      0      1      0      0      0      2      5      0      0      8      0      0      0      0      0      0      0      0      0      1      0      0      0      0      3      0      0      3     
0x7f1ae3ba00e0     @P3   STG.E.128 desc[UR12][R28.64], R8                                8      3      8      35968   1150976   1047040   32     29     0      Global        Store      128    130880    0      0         0         0        0         523520    523520           0      0      0      0      0      0      0      0      0      0      0      0      0      0      0      1      0      0      0      1      0      0      0      6      0      0      0      0      0      0      0      0      0      1      0      0      0      0      0      0      0      2     
0x7f1ae3ba00f0     @P2   STG.E.128 desc[UR12][R30.64], R52                               96     58     96     35968   1150976   1024512   32     28     0      Global        Store      128    128064    0      0         0         0        0         512256    512256           0      0      0      0      0      0      0      0      0      0      0      0      0      0      0      5      0      0      3      1      82     0      0      5      0      0      0      0      0      0      0      0      0      5      0      0      0      0      52     0      0      1     
0x7f1ae3ba0100     @P0   STG.E.128 desc[UR12][R26.64], R4                                19     13     19     35968   1150976   988672    32     27     0      Global        Store      128    123584    0      0         0         0        0         494336    494336           0      0      0      0      0      0      0      0      0      0      0      0      0      0      0      10     0      0      0      1      0      0      0      8      0      0      0      0      0      0      0      0      0      10     0      0      0      0      0      0      0      3     
0x7f1ae3ba0110     @!P1  EXIT                                                            1      0      1      35968   1150976   188928    32     5      0      -             -          -      0         0      0         0         0        0         0         0         -      0      0      0      0      0      0      0      0      0      0      0      0      0      0      0      0      0      0      0      1      0      0      0      0      0      0      0      0      0      0      0      0      0      0      0      0      0      0      0      0      0      0     
0x7f1ae3ba0120           STG.E.128 desc[UR12][R32.64], R56                               74     61     74     30112   962048    962048    31     31     0      Global        Store      128    120256    0      0         0         0        0         481024    481024           0      0      0      0      0      0      0      4      0      46     0      0      0      0      0      13     0      0      1      3      0      0      0      7      0      4      0      39     0      0      0      0      0      12     0      0      0      0      0      0      0      6     
0x7f1ae3ba0130           EXIT                                                            3      0      3      30112   962048    962048    31     31     0      -             -          -      0         0      0         0         0        0         0         0         -      0      0      0      0      0      0      0      0      0      0      0      0      0      0      0      0      0      0      0      3      0      0      0      0      0      0      0      0      0      0      0      0      0      0      0      0      0      0      0      0      0      0     
0x7f1ae3ba0140           BRA 0x7f1ae3ba0140                                              585    507    585    0       0         0         0      0      0      -             -          -      0         0      0         0         0        0         0         0         -      0      0      0      0      0      0      0      18     0      559    0      0      0      0      0      0      0      0      0      2      0      0      0      6      0      13     0      492    0      0      0      0      0      0      0      0      0      0      0      0      0      2     
0x7f1ae3ba0150           NOP                                                             0      0      0      0       0         0         0      0      0      -             -          -      0         0      0         0         0        0         0         0         -      0      0      0      0      0      0      0      0      0      0      0      0      0      0      0      0      0      0      0      0      0      0      0      0      0      0      0      0      0      0      0      0      0      0      0      0      0      0      0      0      0      0     
0x7f1ae3ba0160           NOP                                                             0      0      0      0       0         0         0      0      0      -             -          -      0         0      0         0         0        0         0         0         -      0      0      0      0      0      0      0      0      0      0      0      0      0      0      0      0      0      0      0      0      0      0      0      0      0      0      0      0      0      0      0      0      0      0      0      0      0      0      0      0      0      0     
0x7f1ae3ba0170           NOP                                                             0      0      0      0       0         0         0      0      0      -             -          -      0         0      0         0         0        0         0         0         -      0      0      0      0      0      0      0      0      0      0      0      0      0      0      0      0      0      0      0      0      0      0      0      0      0      0      0      0      0      0      0      0      0      0      0      0      0      0      0      0      0      0     
0x7f1ae3ba0180           NOP                                                             0      0      0      0       0         0         0      0      0      -             -          -      0         0      0         0         0        0         0         0         -      0      0      0      0      0      0      0      0      0      0      0      0      0      0      0      0      0      0      0      0      0      0      0      0      0      0      0      0      0      0      0      0      0      0      0      0      0      0      0      0      0      0     
0x7f1ae3ba0190           NOP                                                             0      0      0      0       0         0         0      0      0      -             -          -      0         0      0         0         0        0         0         0         -      0      0      0      0      0      0      0      0      0      0      0      0      0      0      0      0      0      0      0      0      0      0      0      0      0      0      0      0      0      0      0      0      0      0      0      0      0      0      0      0      0      0     
0x7f1ae3ba01a0           NOP                                                             0      0      0      0       0         0         0      0      0      -             -          -      0         0      0         0         0        0         0         0         -      0      0      0      0      0      0      0      0      0      0      0      0      0      0      0      0      0      0      0      0      0      0      0      0      0      0      0      0      0      0      0      0      0      0      0      0      0      0      0      0      0      0     
0x7f1ae3ba01b0           NOP                                                             0      0      0      0       0         0         0      0      0      -             -          -      0         0      0         0         0        0         0         0         -      0      0      0      0      0      0      0      0      0      0      0      0      0      0      0      0      0      0      0      0      0      0      0      0      0      0      0      0      0      0      0      0      0      0      0      0      0      0      0      0      0      0     
0x7f1ae3ba01c0           NOP                                                             0      0      0      0       0         0         0      0      0      -             -          -      0         0      0         0         0        0         0         0         -      0      0      0      0      0      0      0      0      0      0      0      0      0      0      0      0      0      0      0      0      0      0      0      0      0      0      0      0      0      0      0      0      0      0      0      0      0      0      0      0      0      0     
0x7f1ae3ba01d0           NOP                                                             0      0      0      0       0         0         0      0      0      -             -          -      0         0      0         0         0        0         0         0         -      0      0      0      0      0      0      0      0      0      0      0      0      0      0      0      0      0      0      0      0      0      0      0      0      0      0      0      0      0      0      0      0      0      0      0      0      0      0      0      0      0      0     
0x7f1ae3ba01e0           NOP                                                             0      0      0      0       0         0         0      0      0      -             -          -      0         0      0         0         0        0         0         0         -      0      0      0      0      0      0      0      0      0      0      0      0      0      0      0      0      0      0      0      0      0      0      0      0      0      0      0      0      0      0      0      0      0      0      0      0      0      0      0      0      0      0     
0x7f1ae3ba01f0           NOP                                                             0      0      0      0       0         0         0      0      0      -             -          -      0         0      0         0         0        0         0         0         -      0      0      0      0      0      0      0      0      0      0      0      0      0      0      0      0      0      0      0      0      0      0      0      0      0      0      0      0      0      0      0      0      0      0      0      0      0      0      0      0      0      0     
